0,1,Act_TV,0.3727491,0.37912867,0.3258505,0.34557555,0.35385398,0.31680099,0.35180055,0.35859649,0.33125244,0.33066217,0.34761697,0.2953343,0.33092411,0.33838912,0.34020045,0.33658257,0.33200908,0.26508121,0.27272727,0.29460847,0.22962484,0.2294232,0.2283992,0.15254237,0.17137703,0.1826087,0.16686461,0.16552749,0.16597264,0.1166352,0.12550772,0.1320676,0.12101427,0.11862464,0.11654243,0.0992596,0.10171233,0.11075588,0.11538029,0.1176404,0.12459311,0.13170328,0.14037985,0.14132337,0.12872467,0.1380529,0.14035281,0.14250614,0.14340762,0.14778579,0.14247533,0.14284258,0.15198372,0.1329995,0.13908081,0.14209841,0.13732359,0.14322865,0.14482897,0.13930549,0.13867953,0.1402488,0.14920989,0.15188593,0.15500811,0.15349123,0.15228945,0.15399491,0.16008484,0.17284326,0.17530364,0.18915907,0.20071611,0.20845644,0.20158908,0.20706555,0.21156991,0.19315026,0.2025264,0.20272925,0.19609277,0.19320439,0.19403771,0.18457011,0.19120879,0.1991392,0.19227953,0.19679346,0.19708029,0.20366725,0.20830321,0.20911081,0.20921025,0.2178824,0.22782907,0.23220153,0.24366841,0.24811777,0.25438997,0.26288477,0.26603297,0.27351938,0.28817204,0.30654026,0.3169391,0.33897793,0.35366416,0.40871892,0.42293504,0.42990808,0.4242822,0.44383788,0.45710522,0.44388501,0.45818061,0.46385644,0.47496101,0.49454609,0.51362422,0.52444208,0.5438061,0.55531176,0.56933358,0.57945884,0.58706564,0.5755012,0.59372707,0.6046684,0.59760069,0.61439546,0.62359921,0.55265957,0.57283919,0.58163137,0.53482052,0.54740806,0.55719598,0.45033698,0.48233014,0.49026792,0.42367519,0.42503098,0.43866591,0.35546947
0,1,Act_Cooking,0.00480192,0.01094225,0.02291136,0.00838058,0.00966675,0.01611903,0.01558172,0.0077193,0.01872805,0.02024462,0.00961959,0.01058201,0.01135777,0.01150628,0.01224944,0.01261468,0.01362089,0.01218097,0.01464308,0.01476252,0.02005175,0.02268308,0.02947086,0.02556737,0.02014432,0.01770186,0.0662114,0.05111441,0.04372397,0.06544997,0.0497563,0.06446902,0.11615548,0.10530086,0.09633028,0.09602036,0.08150685,0.08883307,0.10751601,0.09827899,0.08530699,0.11209544,0.09767606,0.0878749,0.088677,0.07090743,0.05733186,0.07242816,0.0548844,0.04716787,0.04738898,0.03609299,0.03092574,0.04927391,0.03744868,0.03256839,0.04273846,0.03780756,0.03430686,0.04469049,0.04250829,0.04173355,0.05419368,0.04955001,0.0500811,0.07720701,0.08094849,0.08101781,0.10655489,0.10044552,0.09706478,0.13414387,0.09033248,0.07753439,0.06570235,0.05758628,0.0479354,0.05091021,0.04441913,0.04341983,0.04283326,0.04296916,0.04234699,0.04919067,0.05023548,0.04965358,0.05136521,0.05270879,0.05234619,0.0729307,0.07704224,0.07859898,0.09752032,0.11031352,0.12153747,0.17447974,0.17862323,0.1829419,0.21151653,0.20780752,0.21285044,0.24346508,0.23548387,0.21874141,0.18024013,0.15875416,0.15040713,0.10906516,0.09607057,0.08617859,0.06611977,0.0554177,0.04939898,0.04482703,0.038987,0.03656679,0.02720499,0.02445461,0.02333037,0.0203684,0.01885099,0.015725,0.01206609,0.0085747,0.00810811,0.01011587,0.0106383,0.00778066,0.00771208,0.00768203,0.00758075,0.00890957,0.00769428,0.00588899,0.00690748,0.00719982,0.00688976,0.00386698,0.00661195,0.00606824,0.00738202,0.0060581,0.00381572,0.00405829
0,1,Act_Laundry,0.00540216,0.00547112,0.00902569,0.00714814,0.00737726,0.00154991,0.0017313,0.00175439,0.00195084,0.00042176,0.00043725,0.001924,0.00206505,0.00209205,0.00222717,0.00229358,0.00227015,0.00232019,0.00244051,0.00256739,0.00258732,0.00259235,0.00267917,0.00028727,0.00030066,0.00031056,0,0,0.00059488,0.00440529,0.00548335,0.00542458,0.01078044,0.01017192,0.00960436,0.00798242,0.00993151,0.01107559,0.01022357,0.00996377,0.01066337,0.00897708,0.00790374,0.00933598,0.00870083,0.0131099,0.01356119,0.01687854,0.02249531,0.02234809,0.02775493,0.02977162,0.0311292,0.03895844,0.04265545,0.0450947,0.04854369,0.04790958,0.04480896,0.04287871,0.0437142,0.04424157,0.04639384,0.04742643,0.04612733,0.04070542,0.03934996,0.03877863,0.03413797,0.03442689,0.03421053,0.02755826,0.02803069,0.02720326,0.02648467,0.02879314,0.03219542,0.03795125,0.03520398,0.03194459,0.03489344,0.03575536,0.03876541,0.03889006,0.03861852,0.03926097,0.0310702,0.02934088,0.025756,0.02341241,0.02447589,0.02116126,0.02073349,0.02047926,0.01750054,0.01566265,0.01271896,0.01247331,0.01425314,0.01368086,0.01383708,0.01111251,0.00833333,0.00741962,0.00679878,0.00725733,0.00537717,0.00440667,0.00577386,0.00640184,0.0073831,0.00976013,0.01136177,0.01283092,0.01249583,0.01320467,0.0140357,0.01196341,0.01246661,0.01363797,0.01220826,0.01243372,0.01225172,0.01181402,0.01100386,0.00993195,0.00880411,0.00870693,0.01045416,0.01085504,0.01087673,0.0081117,0.00820723,0.00889613,0.00588835,0.00598139,0.00590551,0.00419843,0.00467396,0.00618273,0.00474558,0.00316674,0.00353307,0.00608744
0,1,Act_WashDress,0.08663465,0.06727457,0.10205971,0.07813655,0.06232511,0.0883447,0.04951524,0.04245614,0.05501366,0.07001265,0.05115872,0.06926407,0.05627259,0.05334728,0.04120267,0.0521789,0.06810443,0.08816705,0.12263575,0.09884467,0.12031048,0.08101102,0.07635633,0.1763861,0.18340349,0.17546584,0.2108076,0.22644874,0.2195122,0.31277533,0.31620634,0.28896307,0.34831461,0.35873926,0.36367546,0.40559926,0.37568493,0.3496232,0.33142344,0.30151721,0.27253339,0.28029766,0.24631355,0.23118217,0.23766389,0.20679435,0.19062845,0.1990172,0.16496563,0.15581874,0.14987664,0.13611338,0.11851475,0.11677516,0.10733954,0.08948792,0.0817736,0.0725145,0.06371274,0.07247106,0.06109939,0.05648074,0.05237034,0.04752756,0.04156529,0.05516251,0.0466067,0.04254453,0.03817796,0.03078169,0.02965587,0.03383992,0.02997442,0.02934284,0.02821636,0.02899735,0.02248569,0.02776921,0.02350383,0.02222682,0.03008776,0.02467329,0.02528179,0.02428001,0.02271062,0.02372454,0.0264672,0.02452059,0.02450469,0.0295245,0.02375297,0.02116126,0.02031673,0.01826243,0.01707108,0.02486309,0.02231396,0.02438476,0.02793615,0.02405944,0.02129708,0.02323526,0.02392473,0.02198406,0.02343411,0.02388872,0.02181595,0.01998741,0.02036889,0.02150361,0.02477441,0.02415219,0.02124156,0.02663635,0.02465845,0.02522431,0.02651187,0.02621393,0.02315227,0.03453773,0.02980251,0.02523313,0.0347132,0.0394436,0.03976834,0.06014346,0.05264123,0.048907,0.0706084,0.05911824,0.05158207,0.1081117,0.08104642,0.07054254,0.10168724,0.07897652,0.06824147,0.14064744,0.10145919,0.08632929,0.09833905,0.08412502,0.07490107,0.12488471
0,1,Act_Iron,0.00540216,0.00547112,0.00902569,0.00714814,0.00737726,0.00154991,0.0017313,0.00175439,0.00195084,0.00042176,0.00043725,0.001924,0.00206505,0.00209205,0.00222717,0.00229358,0.00227015,0.00232019,0.00244051,0.00256739,0.00258732,0.00259235,0.00267917,0.00028727,0.00030066,0.00031056,0,0,0.00059488,0.00440529,0.00548335,0.00542458,0.01078044,0.01017192,0.00960436,0.00798242,0.00993151,0.01107559,0.01022357,0.00996377,0.01066337,0.00897708,0.00790374,0.00933598,0.00870083,0.0131099,0.01356119,0.01687854,0.02249531,0.02234809,0.02775493,0.02977162,0.0311292,0.03895844,0.04265545,0.0450947,0.04854369,0.04790958,0.04480896,0.04287871,0.0437142,0.04424157,0.04639384,0.04742643,0.04612733,0.04070542,0.03934996,0.03877863,0.03413797,0.03442689,0.03421053,0.02755826,0.02803069,0.02720326,0.02648467,0.02879314,0.03219542,0.03795125,0.03520398,0.03194459,0.03489344,0.03575536,0.03876541,0.03889006,0.03861852,0.03926097,0.0310702,0.02934088,0.025756,0.02341241,0.02447589,0.02116126,0.02073349,0.02047926,0.01750054,0.01566265,0.01271896,0.01247331,0.01425314,0.01368086,0.01383708,0.01111251,0.00833333,0.00741962,0.00679878,0.00725733,0.00537717,0.00440667,0.00577386,0.00640184,0.0073831,0.00976013,0.01136177,0.01283092,0.01249583,0.01320467,0.0140357,0.01196341,0.01246661,0.01363797,0.01220826,0.01243372,0.01225172,0.01181402,0.01100386,0.00993195,0.00880411,0.00870693,0.01045416,0.01085504,0.01087673,0.0081117,0.00820723,0.00889613,0.00588835,0.00598139,0.00590551,0.00419843,0.00467396,0.00618273,0.00474558,0.00316674,0.00353307,0.00608744
0,1,Act_HouseClean,0.03761505,0.03748734,0.03031706,0.02883904,0.02950903,0.02727836,0.03185596,0.02842105,0.03589544,0.03500633,0.04066463,0.03703704,0.03975219,0.04027197,0.03563474,0.03612385,0.03518729,0.03074246,0.03294692,0.03530167,0.03104787,0.03110823,0.03215003,0.02757828,0.02976548,0.03322981,0.0415677,0.03744428,0.03599048,0.03041745,0.03371243,0.03797204,0.04828424,0.04541547,0.04329128,0.05113373,0.06244292,0.06873715,0.07369958,0.07733243,0.08474576,0.08315615,0.09590657,0.10094527,0.1057211,0.10943912,0.1109151,0.12477299,0.14392835,0.15550978,0.17382812,0.18851958,0.19196338,0.19419129,0.19775708,0.21244614,0.22430187,0.23424685,0.24104821,0.22455964,0.22610793,0.22431782,0.21778768,0.21923349,0.21766018,0.19788783,0.20226901,0.19857506,0.16907383,0.16211017,0.16356275,0.11144883,0.11713555,0.12226184,0.13048793,0.1320196,0.138287,0.14316569,0.14847795,0.15186602,0.15472211,0.15974909,0.15611503,0.1412655,0.14254317,0.14707117,0.14551731,0.13895002,0.14337852,0.13757381,0.12888568,0.13113729,0.12846426,0.12730919,0.12593945,0.1135816,0.11268548,0.10754017,0.09578107,0.10036561,0.10107087,0.08208107,0.07795699,0.07611981,0.06986836,0.06970064,0.06759871,0.05476865,0.05870088,0.05942219,0.06529943,0.06600496,0.06553598,0.06577879,0.06564479,0.06686982,0.06151447,0.06140042,0.06233304,0.05968827,0.05798923,0.05796306,0.05476146,0.05354421,0.05328185,0.04800441,0.0475055,0.04761023,0.04747215,0.04559118,0.04482531,0.0400266,0.03821493,0.0414735,0.04042577,0.04076207,0.0395888,0.03668103,0.03465572,0.03618044,0.03255998,0.02850062,0.03208027,0.03062166
0,1,Act_PC,0.11004402,0.11793313,0.09905115,0.11584915,0.12083439,0.08307502,0.09660665,0.08807018,0.09168943,0.10459722,0.10887626,0.11832612,0.12803304,0.12761506,0.11358575,0.11697248,0.11464245,0.1212297,0.13849908,0.14313222,0.15976714,0.15878159,0.16610851,0.07612755,0.07757066,0.08043478,0.08016627,0.08647845,0.08596074,0.07530942,0.08407799,0.08887962,0.08593987,0.08452722,0.07697821,0.05402591,0.05719178,0.05572048,0.0510055,0.04970562,0.05174543,0.04949209,0.05969093,0.06453495,0.06603099,0.07079343,0.08070562,0.07349642,0.08414914,0.09299691,0.10824424,0.12418434,0.13163784,0.14051077,0.14268549,0.14580619,0.14943449,0.15263053,0.15503101,0.16024157,0.16319968,0.16252006,0.15954214,0.16129032,0.16311841,0.14856967,0.14973426,0.14900763,0.14089486,0.13466991,0.13663968,0.10496454,0.10383632,0.10494142,0.10930019,0.11803145,0.12244481,0.13514347,0.14392214,0.14473276,0.14824488,0.14866702,0.15158538,0.14704646,0.1436944,0.14245224,0.13536981,0.1381117,0.13336809,0.13084015,0.12898895,0.12519546,0.11929569,0.11348042,0.11369981,0.09780942,0.09115252,0.08866165,0.07833523,0.07665998,0.07411864,0.05467862,0.05483871,0.05454795,0.04773615,0.04535833,0.04470733,0.04469625,0.04137931,0.04399212,0.04577523,0.04681555,0.05055162,0.04888745,0.05148284,0.05129507,0.05319702,0.05805771,0.05805877,0.06092809,0.06481149,0.06472847,0.06255801,0.0628811,0.06138996,0.06363804,0.06254585,0.06168951,0.0622108,0.06429526,0.06410679,0.06476064,0.06668377,0.06941486,0.06896161,0.0711121,0.07502187,0.08882996,0.09450524,0.09629036,0.1011073,0.10821974,0.10994912,0.10754473
0,2,Act_TV,0.56478405,0.55938038,0.43052392,0.49202128,0.49552239,0.47321429,0.51149425,0.52906977,0.47435897,0.4921875,0.51666667,0.41904762,0.46067416,0.48235294,0.50666667,0.47887324,0.46753247,0.35897436,0.3943662,0.42424242,0.36666667,0.34920635,0.32142857,0.29929577,0.31640625,0.33913043,0.33195021,0.31140351,0.29083665,0.19851577,0.19230769,0.23193916,0.2030825,0.17241379,0.18371919,0.15334129,0.15719258,0.18909091,0.19614218,0.20904198,0.20837004,0.20101954,0.21290545,0.22032086,0.19213115,0.1993726,0.21253709,0.23337385,0.2385084,0.24941905,0.24448858,0.23206396,0.24871355,0.2202501,0.22903424,0.23272273,0.23224852,0.23530683,0.23404255,0.22942969,0.23029502,0.23372584,0.24083885,0.24564498,0.25176211,0.2517316,0.25747077,0.26142517,0.27162367,0.2832444,0.28886532,0.32534317,0.34328945,0.36159306,0.36521739,0.37507867,0.36622432,0.3224278,0.34128399,0.34105591,0.33026493,0.3211255,0.33089863,0.29257935,0.29731514,0.30588235,0.30354425,0.29820051,0.30818278,0.32806241,0.34527954,0.34158319,0.3385574,0.35232788,0.3582296,0.36026936,0.36791081,0.37179086,0.38382619,0.40069991,0.39549654,0.38609551,0.40891076,0.44021666,0.44105208,0.45742125,0.46930587,0.51679829,0.53398842,0.54589567,0.55314239,0.5841366,0.59991556,0.58350833,0.59938838,0.60793137,0.62688264,0.65180619,0.67178892,0.6997265,0.72554189,0.73321632,0.75888099,0.77754585,0.77764495,0.7763275,0.79654711,0.80186999,0.79504734,0.81704692,0.83042677,0.76923077,0.77684337,0.79839199,0.75597092,0.75321809,0.76762699,0.65701625,0.69629375,0.71587125,0.64994363,0.63870968,0.65360392,0.57404795
0,2,Act_Cooking,0.00664452,0.02409639,0.05922551,0.01329787,0.01492537,0.02678571,0.02873563,0.02325581,0.05769231,0.0703125,0.03333333,0.01904762,0.02247191,0.02352941,0.02666667,0.02816901,0.03896104,0.06410256,0.07042254,0.07575758,0.1,0.07936508,0.07142857,0.04929577,0.03125,0.02173913,0.15352697,0.10087719,0.08366534,0.10575139,0.10839161,0.1121673,0.22846782,0.20614693,0.20836445,0.18436754,0.17546404,0.19909091,0.23645427,0.22109795,0.19030837,0.23772302,0.23067633,0.22210339,0.20327869,0.15876612,0.1287092,0.15367251,0.10928558,0.10263362,0.10307845,0.08920682,0.07246998,0.09358612,0.07668649,0.06661116,0.08981403,0.07821953,0.07786795,0.09185895,0.07837957,0.08620307,0.10728477,0.0893054,0.09669604,0.14588745,0.14595063,0.14836474,0.22219814,0.21067236,0.18579003,0.27146077,0.18648064,0.1612776,0.14115268,0.11285924,0.10038527,0.10943141,0.09585377,0.09824014,0.08868433,0.09133542,0.09473218,0.10683952,0.11025528,0.11525054,0.10763209,0.11846615,0.11455898,0.15559772,0.15768994,0.15537223,0.17654834,0.21930613,0.25207469,0.32424242,0.3448053,0.35738885,0.40298733,0.39909595,0.41252887,0.45379213,0.43747437,0.41245768,0.35236585,0.32060865,0.30627257,0.23691608,0.20594966,0.18910904,0.13302565,0.10754613,0.09893048,0.0898782,0.07909369,0.07453241,0.06152316,0.05633601,0.05450855,0.04260832,0.03368483,0.02793623,0.02471877,0.02653944,0.02913927,0.02684663,0.02158059,0.01959038,0.01660597,0.01793658,0.01885722,0.01623282,0.01997297,0.01122573,0.01782624,0.01838911,0.01705838,0.00738552,0.01475635,0.01738809,0.01916573,0.01548387,0.01049685,0.00423131
0,2,Act_Laundry,0.01328904,0.01376936,0.02050114,0.01861702,0.02089552,0,0,0,0,0,0,0,0,0,0,0,0,0,0,0,0,0,0,0,0,0,0,0,0,0.00742115,0.01048951,0.0095057,0.02175884,0.01349325,0.01269604,0.01610979,0.0162413,0.02151515,0.026658,0.0189451,0.02202643,0.01393373,0.01604555,0.0201426,0.01704918,0.02962705,0.02744807,0.03125543,0.04024368,0.03989156,0.04707051,0.05806859,0.05831904,0.07724889,0.08796391,0.09783514,0.09319527,0.09896283,0.09015135,0.09272965,0.09489212,0.09242391,0.09889625,0.10407938,0.1,0.08225108,0.08271979,0.08382066,0.06720139,0.07065101,0.06892895,0.05634091,0.05639615,0.05855678,0.05965622,0.06524019,0.07234589,0.08280686,0.0722247,0.06393406,0.07117198,0.07123716,0.07702523,0.08068842,0.078125,0.08366013,0.07197217,0.06362468,0.06163656,0.04849252,0.04853574,0.03967786,0.04248489,0.03361496,0.02869986,0.02508418,0.02585232,0.02473388,0.02625226,0.02405949,0.02655889,0.01839888,0.01599016,0.01354096,0.01546392,0.01695141,0.01337435,0.01592826,0.0195181,0.02129667,0.02036107,0.02120628,0.02293836,0.02715946,0.02793995,0.02995359,0.03154305,0.03139335,0.02754422,0.03022888,0.02811951,0.03130028,0.03093546,0.02698673,0.02779438,0.02714328,0.02143176,0.02330068,0.02403496,0.0252547,0.02226003,0.01696402,0.016519,0.01759709,0.01401869,0.01324016,0.01156179,0.00915805,0.00960879,0.01368849,0.01296505,0.01096774,0.00909727,0.01410437
0,2,Act_WashDress,0.16943522,0.1222031,0.21412301,0.13829787,0.10447761,0.11160714,0.06896552,0.04069767,0.07051282,0.0703125,0.04166667,0.13333333,0.08988764,0.05882353,0.02666667,0.05633803,0.11688312,0.15384615,0.22535211,0.18181818,0.16666667,0.12698413,0.10714286,0.27464789,0.29296875,0.26956522,0.34439834,0.36403509,0.39840637,0.48237477,0.49475524,0.47718631,0.60018132,0.64467766,0.64227035,0.68168258,0.6337007,0.59909091,0.54529692,0.5123789,0.48325991,0.49413764,0.42805383,0.40784314,0.41114754,0.38044615,0.32863501,0.35283903,0.3073657,0.28679318,0.26573982,0.23458868,0.20068611,0.19685357,0.17285216,0.14321399,0.13419273,0.12165082,0.1083571,0.11797997,0.10149714,0.09908909,0.10110375,0.0954796,0.08303965,0.11060606,0.09549589,0.08966862,0.08367657,0.06531483,0.06256628,0.06125794,0.05069758,0.04791009,0.05156724,0.05328299,0.04152397,0.05121841,0.04235399,0.04098908,0.05657836,0.05359536,0.05599823,0.0540903,0.05369718,0.04945534,0.05675147,0.05312768,0.04973433,0.06072106,0.04771657,0.04321351,0.03946375,0.03577207,0.03198479,0.04326599,0.04201002,0.0518159,0.0508449,0.04724409,0.04157044,0.04775281,0.04004373,0.0380501,0.04599524,0.05032034,0.04574027,0.04082452,0.03822856,0.04164982,0.04886657,0.04943542,0.04756544,0.05333893,0.04823464,0.04907889,0.05598181,0.05131881,0.04798492,0.06132143,0.05858231,0.05938277,0.07164002,0.07052333,0.06799163,0.10679324,0.10016371,0.09439003,0.13124545,0.12541254,0.10988232,0.19537877,0.15663012,0.13668083,0.19626168,0.17138654,0.13968916,0.27031019,0.20761839,0.17943026,0.20518602,0.16645161,0.14905528,0.21438646
0,2,Act_Iron,0.01328904,0.01376936,0.02050114,0.01861702,0.02089552,0,0,0,0,0,0,0,0,0,0,0,0,0,0,0,0,0,0,0,0,0,0,0,0,0.00742115,0.01048951,0.0095057,0.02175884,0.01349325,0.01269604,0.01610979,0.0162413,0.02151515,0.026658,0.0189451,0.02202643,0.01393373,0.01604555,0.0201426,0.01704918,0.02962705,0.02744807,0.03125543,0.04024368,0.03989156,0.04707051,0.05806859,0.05831904,0.07724889,0.08796391,0.09783514,0.09319527,0.09896283,0.09015135,0.09272965,0.09489212,0.09242391,0.09889625,0.10407938,0.1,0.08225108,0.08271979,0.08382066,0.06720139,0.07065101,0.06892895,0.05634091,0.05639615,0.05855678,0.05965622,0.06524019,0.07234589,0.08280686,0.0722247,0.06393406,0.07117198,0.07123716,0.07702523,0.08068842,0.078125,0.08366013,0.07197217,0.06362468,0.06163656,0.04849252,0.04853574,0.03967786,0.04248489,0.03361496,0.02869986,0.02508418,0.02585232,0.02473388,0.02625226,0.02405949,0.02655889,0.01839888,0.01599016,0.01354096,0.01546392,0.01695141,0.01337435,0.01592826,0.0195181,0.02129667,0.02036107,0.02120628,0.02293836,0.02715946,0.02793995,0.02995359,0.03154305,0.03139335,0.02754422,0.03022888,0.02811951,0.03130028,0.03093546,0.02698673,0.02779438,0.02714328,0.02143176,0.02330068,0.02403496,0.0252547,0.02226003,0.01696402,0.016519,0.01759709,0.01401869,0.01324016,0.01156179,0.00915805,0.00960879,0.01368849,0.01296505,0.01096774,0.00909727,0.01410437
0,2,Act_HouseClean,0.06810631,0.06712565,0.06605923,0.06648936,0.07761194,0.04464286,0.06321839,0.05813953,0.06410256,0.0703125,0.08333333,0.08571429,0.1011236,0.10588235,0.09333333,0.09859155,0.1038961,0.07692308,0.08450704,0.07575758,0.06666667,0.06349206,0.07142857,0.04929577,0.05859375,0.05652174,0.07053942,0.06140351,0.06374502,0.04267161,0.06118881,0.05703422,0.10335449,0.08170915,0.07692308,0.1076969,0.12587007,0.14424242,0.16319896,0.16038751,0.18303965,0.17179269,0.18357488,0.19340463,0.22295082,0.23788777,0.24332344,0.24865428,0.30367362,0.31777692,0.34915591,0.38480959,0.38657804,0.38846309,0.39142916,0.41881765,0.44103973,0.45808124,0.46589164,0.42751415,0.43174813,0.43168185,0.42075055,0.41764057,0.41762115,0.36341991,0.37115634,0.36105696,0.31216128,0.30416222,0.31113468,0.20856382,0.22774612,0.23994479,0.26228514,0.26012167,0.26712329,0.27730144,0.29291128,0.29739363,0.30938482,0.3226887,0.30876494,0.29414394,0.30017606,0.30697168,0.29115025,0.28084833,0.28289054,0.27092557,0.25967643,0.26006678,0.26567221,0.26820061,0.26815353,0.23787879,0.24026499,0.2233876,0.21273386,0.20691164,0.20366628,0.16109551,0.15443488,0.14962762,0.13917526,0.14348639,0.14083188,0.13090617,0.13353076,0.13735005,0.1402199,0.13618838,0.13636364,0.13607728,0.13997776,0.14090845,0.13540779,0.13904817,0.14207017,0.13329495,0.12727006,0.12739506,0.11737715,0.11361264,0.11536163,0.10990804,0.11296324,0.11501929,0.10939548,0.10331468,0.10293492,0.09008482,0.09010362,0.09071602,0.08047767,0.07925708,0.07657316,0.07237814,0.07035003,0.0754717,0.06651635,0.05870968,0.06508048,0.0606488
0,2,Act_PC,0.25415282,0.24956971,0.17084282,0.19680851,0.20895522,0.1875,0.20114943,0.20930233,0.23076923,0.265625,0.275,0.22857143,0.24719101,0.23529412,0.25333333,0.26760563,0.25974026,0.24358974,0.26760563,0.28787879,0.36666667,0.3968254,0.41071429,0.20422535,0.21875,0.22173913,0.19087137,0.23245614,0.21912351,0.19109462,0.20629371,0.21102662,0.18132366,0.17391304,0.15160568,0.11038186,0.11658933,0.11333333,0.09817945,0.09364909,0.09052863,0.08903993,0.1136991,0.12352941,0.12131148,0.13837574,0.15448813,0.14724779,0.1606055,0.18570875,0.21171797,0.2499474,0.27637221,0.27874143,0.28706172,0.29746045,0.30283178,0.30574762,0.30752358,0.33239007,0.33399384,0.33503666,0.33090508,0.34421169,0.33986784,0.31298701,0.31052404,0.30864198,0.29113375,0.2796158,0.28335101,0.21942225,0.22047554,0.22515773,0.22992922,0.24795469,0.26134418,0.2926444,0.30093625,0.30652707,0.31836551,0.32045556,0.31983178,0.30464908,0.30171655,0.29716776,0.28245271,0.28641817,0.27821467,0.26270293,0.25599017,0.25122766,0.23017372,0.21157649,0.21473029,0.18602694,0.17450315,0.17219787,0.15178033,0.14916885,0.14982679,0.11769663,0.11138445,0.11157752,0.09529474,0.09022958,0.09201551,0.07990898,0.0759187,0.07858202,0.07859373,0.08165795,0.0887982,0.09561809,0.10050042,0.10012656,0.10358056,0.11353211,0.11757031,0.12955232,0.13356766,0.13295305,0.13795145,0.14015208,0.14196055,0.13497478,0.13454383,0.13386762,0.13503277,0.1320132,0.13313484,0.13805206,0.14326475,0.14335558,0.14987885,0.1577786,0.16698256,0.18788774,0.19389156,0.20051794,0.20349493,0.21806452,0.22323303,0.2425952
0,3,Act_TV,0.79411765,0.80645161,0.8,0.69230769,0.83333333,0.33333333,0.33333333,0.33333333,0,0,0,1,1,1,1,0,0,1,0,0,0,0,0,0.33333333,0.375,0.28571429,0.25,0.125,0.11111111,0.21428571,0.27586207,0.27272727,0.33009709,0.35664336,0.35971223,0.21517241,0.21276596,0.27310924,0.27239354,0.26041667,0.25842697,0.27320209,0.27745424,0.29022082,0.22608696,0.24388073,0.25154959,0.27036845,0.25659914,0.29618979,0.30686199,0.29081633,0.32401747,0.29013378,0.3084922,0.29512635,0.3172988,0.32422243,0.33919844,0.30053191,0.29061372,0.29535096,0.30035971,0.30528201,0.31504425,0.30576441,0.31297071,0.31308811,0.33873874,0.36068376,0.36894825,0.41036184,0.41486989,0.45623145,0.44389439,0.46025105,0.45059625,0.42447917,0.45008606,0.4373423,0.43201377,0.40461933,0.41903172,0.35478105,0.37789203,0.38064516,0.36377953,0.34894614,0.34941634,0.39604743,0.4306184,0.42297477,0.42786683,0.45330535,0.45342533,0.44537078,0.4557469,0.45232647,0.48400853,0.49935691,0.4937519,0.47742818,0.47531319,0.49748984,0.48238726,0.49252137,0.50837521,0.53912155,0.53318495,0.5602302,0.56760563,0.60744467,0.62397602,0.63716284,0.64957434,0.65737673,0.67466667,0.70451515,0.7206047,0.74504673,0.76908821,0.7992278,0.81578459,0.83782805,0.84110285,0.83358491,0.85859729,0.86825337,0.87807784,0.89000806,0.89918367,0.84949656,0.86726173,0.87469807,0.85326812,0.85758674,0.87142055,0.7737931,0.80073126,0.80215054,0.78095238,0.78443114,0.76821192,0.76315789
0,3,Act_Cooking,0,0,0,0,0.08333333,0,0,0,0,0,0,0,0,0,0,0,0,0,0,0,0,0,0,0,0,0,0.375,0.25,0.11111111,0.10714286,0.13793103,0.13636364,0.37864078,0.33566434,0.37410072,0.28827586,0.30319149,0.32913165,0.36270191,0.31875,0.2906367,0.34833266,0.35856905,0.37178909,0.28922495,0.23275478,0.19008264,0.24805397,0.16144874,0.15600288,0.14417887,0.13690476,0.10393013,0.15133779,0.12218371,0.10198556,0.14246068,0.13195099,0.13685239,0.14804965,0.11281588,0.12670921,0.17266187,0.13070725,0.14159292,0.2021721,0.17573222,0.18220701,0.31171171,0.31282051,0.28964942,0.38157895,0.25650558,0.22848665,0.22772277,0.18577406,0.16183986,0.15798611,0.13683305,0.15727502,0.13425129,0.15568862,0.15275459,0.17515639,0.19280206,0.2,0.18503937,0.19125683,0.19299611,0.26719368,0.2586727,0.24169987,0.25893958,0.32528856,0.35682602,0.47125932,0.45174209,0.49199085,0.55614783,0.54662379,0.57543432,0.62270862,0.60673053,0.57207746,0.47902176,0.42991453,0.41896985,0.34463739,0.31707811,0.291923,0.22796781,0.17867203,0.15824176,0.13526474,0.11621461,0.10836094,0.08285714,0.07506192,0.06886898,0.06074766,0.05170497,0.04578047,0.04735376,0.04488688,0.04589153,0.04301887,0.03959276,0.03673163,0.0307784,0.02598711,0.0255102,0.03100159,0.03455226,0.01660628,0.0337928,0.03314345,0.03200449,0.00689655,0.02193784,0.0172043,0.01904762,0.01197605,0.00662252,0
0,3,Act_Laundry,0.05882353,0.06451613,0,0,0,0,0,0,0,0,0,0,0,0,0,0,0,0,0,0,0,0,0,0,0,0,0,0,0,0.03571429,0.06896552,0.13636364,0.04854369,0.03496503,0.02877698,0.02206897,0.01994681,0.02941176,0.03964758,0.03125,0.03146067,0.02129369,0.01830283,0.02073006,0.01776938,0.0458389,0.03202479,0.04203425,0.04972376,0.05319914,0.07093292,0.08843537,0.09344978,0.11538462,0.13344887,0.14259928,0.14061055,0.16588124,0.1544477,0.15691489,0.16245487,0.1668186,0.16456835,0.1656222,0.15309735,0.1411863,0.14309623,0.14285714,0.11801802,0.12136752,0.12437396,0.08799342,0.09442379,0.09718101,0.080033,0.09205021,0.10732538,0.11631944,0.09380379,0.07989907,0.09638554,0.11035073,0.12186978,0.11349419,0.09682948,0.12741935,0.10866142,0.10382514,0.09883268,0.08616601,0.09200603,0.07968127,0.0838471,0.0498426,0.03252834,0.03422554,0.03764517,0.03737605,0.04086709,0.03665595,0.03992685,0.03173735,0.02259887,0.0212766,0.02692394,0.0292735,0.02177554,0.0185904,0.02691218,0.03095852,0.03722334,0.03702213,0.04095904,0.04355644,0.040784,0.04911323,0.05447619,0.06058297,0.05132512,0.04859813,0.04985174,0.05203162,0.05143918,0.04561086,0.04389625,0.04132075,0.0361991,0.04647676,0.04924543,0.05096696,0.04142857,0.03312136,0.03253671,0.04045894,0.02312139,0.02330399,0.02358226,0.01241379,0.01096892,0.0172043,0.01904762,0.00598802,0.00662252,0.05263158
0,3,Act_WashDress,0.20588235,0.16129032,0.06666667,0.23076923,0.16666667,0,0,0,0,0,0,0.5,0,0,0,0,0,0,0,0,0,0,0,0.22222222,0.25,0.14285714,0.5,0.75,0.55555556,0.60714286,0.62068966,0.77272727,0.73786408,0.76223776,0.78417266,0.8262069,0.76728723,0.7605042,0.69603524,0.67291667,0.6329588,0.60184813,0.53826955,0.50653447,0.53761815,0.49799733,0.44576446,0.48417229,0.41620626,0.41337168,0.39938319,0.34693878,0.28034934,0.28929766,0.25823224,0.20577617,0.15726179,0.15551367,0.13000978,0.16666667,0.15162455,0.13855971,0.12230216,0.13070725,0.11769912,0.16959064,0.12635983,0.11548332,0.0981982,0.07606838,0.08180301,0.10197368,0.08847584,0.07492582,0.08085809,0.07615063,0.06643952,0.07638889,0.0757315,0.06223717,0.07487091,0.07271172,0.08764608,0.09651475,0.07883462,0.07096774,0.08582677,0.08274785,0.08171206,0.09249012,0.06485671,0.05378486,0.06041924,0.06400839,0.05618531,0.06274682,0.06047257,0.07513349,0.06645345,0.05273312,0.05455654,0.07086183,0.06042741,0.06024384,0.0749383,0.09188034,0.07747069,0.0578141,0.06232295,0.05913872,0.07927565,0.0750503,0.07792208,0.07612388,0.07048109,0.07795751,0.09790476,0.08992189,0.0948115,0.09850467,0.09766494,0.0904578,0.1088208,0.11800905,0.11427535,0.17849057,0.1474359,0.13586957,0.18228753,0.19883159,0.17571429,0.2845787,0.22775698,0.20591787,0.29035127,0.24857587,0.19258843,0.35586207,0.28519196,0.24301075,0.24761905,0.25748503,0.21854305,0.34210526
0,3,Act_Iron,0.05882353,0.06451613,0,0,0,0,0,0,0,0,0,0,0,0,0,0,0,0,0,0,0,0,0,0,0,0,0,0,0,0.03571429,0.06896552,0.13636364,0.04854369,0.03496503,0.02877698,0.02206897,0.01994681,0.02941176,0.03964758,0.03125,0.03146067,0.02129369,0.01830283,0.02073006,0.01776938,0.0458389,0.03202479,0.04203425,0.04972376,0.05319914,0.07093292,0.08843537,0.09344978,0.11538462,0.13344887,0.14259928,0.14061055,0.16588124,0.1544477,0.15691489,0.16245487,0.1668186,0.16456835,0.1656222,0.15309735,0.1411863,0.14309623,0.14285714,0.11801802,0.12136752,0.12437396,0.08799342,0.09442379,0.09718101,0.080033,0.09205021,0.10732538,0.11631944,0.09380379,0.07989907,0.09638554,0.11035073,0.12186978,0.11349419,0.09682948,0.12741935,0.10866142,0.10382514,0.09883268,0.08616601,0.09200603,0.07968127,0.0838471,0.0498426,0.03252834,0.03422554,0.03764517,0.03737605,0.04086709,0.03665595,0.03992685,0.03173735,0.02259887,0.0212766,0.02692394,0.0292735,0.02177554,0.0185904,0.02691218,0.03095852,0.03722334,0.03702213,0.04095904,0.04355644,0.040784,0.04911323,0.05447619,0.06058297,0.05132512,0.04859813,0.04985174,0.05203162,0.05143918,0.04561086,0.04389625,0.04132075,0.0361991,0.04647676,0.04924543,0.05096696,0.04142857,0.03312136,0.03253671,0.04045894,0.02312139,0.02330399,0.02358226,0.01241379,0.01096892,0.0172043,0.01904762,0.00598802,0.00662252,0.05263158
0,3,Act_HouseClean,0.20588235,0.22580645,0.13333333,0.15384615,0.16666667,0,0,0,0,0,0,0,0,0,0,0,0,0,0,0,0,0,0,0.22222222,0.125,0.14285714,0.375,0.25,0.11111111,0.07142857,0.10344828,0.13636364,0.15533981,0.13286713,0.14388489,0.18482759,0.21010638,0.2464986,0.21512482,0.23819444,0.28314607,0.26476497,0.29450915,0.31410545,0.31833648,0.36537606,0.33677686,0.37052413,0.41559239,0.44069015,0.49113338,0.51020408,0.51703057,0.56521739,0.56672444,0.59296029,0.63182239,0.66069746,0.6686217,0.61170213,0.61642599,0.61349134,0.5926259,0.5908684,0.59026549,0.56892231,0.5832636,0.56886228,0.49099099,0.47435897,0.47996661,0.32976974,0.36951673,0.3879822,0.42079208,0.40502092,0.4088586,0.40798611,0.41135972,0.41631623,0.43717728,0.45594525,0.44824708,0.44414656,0.45929734,0.45564516,0.42677165,0.42310695,0.42801556,0.40395257,0.36726998,0.37848606,0.40998767,0.39244491,0.38738295,0.34839842,0.36163396,0.35011442,0.32693674,0.31897106,0.30204206,0.24842681,0.25399165,0.24503945,0.2227956,0.22692308,0.22215243,0.21675179,0.21671388,0.21055765,0.21488934,0.21408451,0.21678322,0.21738262,0.22253019,0.21652699,0.22571429,0.23718804,0.2418813,0.24299065,0.23424759,0.22118036,0.20891365,0.21122172,0.20986759,0.18660377,0.18608597,0.18609445,0.17196187,0.15995165,0.15857143,0.14970853,0.13820904,0.13798309,0.11160516,0.11082341,0.12240314,0.14206897,0.11334552,0.13548387,0.1047619,0.09580838,0.11258278,0.13157895
0,3,Act_PC,0.32352941,0.41935484,0.26666667,0.38461538,0.33333333,0,0,0,0,0,0,0.5,0.5,0.5,0,0,0,1,0,0,0.66666667,1,1,0.22222222,0.25,0.28571429,0.5,0.5,0.44444444,0.35714286,0.4137931,0.36363636,0.29126214,0.25174825,0.20863309,0.15862069,0.14760638,0.15406162,0.13142438,0.13194444,0.12284644,0.11932503,0.14184692,0.15863001,0.18563327,0.20516244,0.2267562,0.18629995,0.21485574,0.26455787,0.32536623,0.37329932,0.41572052,0.4222408,0.4237435,0.44584838,0.46808511,0.45523091,0.45552297,0.48404255,0.49548736,0.49316317,0.49820144,0.51029543,0.50088496,0.44444444,0.44853556,0.45252352,0.42612613,0.41965812,0.42404007,0.33963816,0.36208178,0.36795252,0.3490099,0.36820084,0.39011925,0.41753472,0.43545611,0.4373423,0.46385542,0.46022241,0.47412354,0.46112601,0.44644387,0.44274194,0.41338583,0.39812646,0.37898833,0.3770751,0.37405732,0.34063745,0.31504316,0.30325289,0.31099064,0.26502852,0.26912295,0.25209764,0.20966596,0.20803859,0.20115818,0.1619699,0.16040285,0.16136744,0.14965223,0.14551282,0.14782245,0.13830439,0.12363416,0.12105577,0.11488934,0.12032193,0.13566434,0.13206793,0.14036824,0.13701033,0.14838095,0.15812536,0.1633072,0.17831776,0.18921423,0.18900533,0.2183844,0.22733032,0.22637403,0.21849057,0.23567119,0.23163418,0.23292295,0.23045931,0.23163265,0.21303657,0.21854305,0.2201087,0.22009782,0.23407561,0.25828186,0.29793103,0.29981718,0.3311828,0.27142857,0.28143713,0.29801325,0.28947368
0,4,Act_TV,0,0,0,0,0,0,0,0,0,0,0,0,0,0,0,0,0,0,0,0,0,0,0,0,0,0,0,0,0,0,0,0,0.33333333,0,0,0.27472527,0.27272727,0.28865979,0.33920705,0.33744856,0.34666667,0.31672026,0.34782609,0.35336976,0.29237288,0.29764065,0.30869565,0.32045455,0.34193548,0.4,0.38325991,0.30898876,0.33774834,0.37142857,0.37423313,0.32692308,0.34810127,0.36942675,0.36986301,0.35393258,0.35260116,0.35294118,0.36723164,0.38285714,0.39655172,0.33673469,0.35294118,0.3559322,0.36526946,0.34782609,0.35164835,0.51322751,0.50892857,0.52252252,0.55329949,0.58375635,0.53960396,0.46551724,0.46242775,0.47252747,0.4691358,0.48466258,0.50531915,0.41621622,0.46153846,0.45374449,0.42366412,0.38610039,0.40944882,0.43461538,0.50196078,0.50508475,0.52411576,0.56072351,0.54919908,0.53308129,0.536,0.53019146,0.56643357,0.6097561,0.58008658,0.56826241,0.58160237,0.6015246,0.55821078,0.5776699,0.58027282,0.60649087,0.57021277,0.5930127,0.59429336,0.63552961,0.65236928,0.69334493,0.70489745,0.72131814,0.72133072,0.76788376,0.78584326,0.79297732,0.81032078,0.83966102,0.87,0.8919685,0.88837353,0.88774494,0.91224558,0.91848907,0.92982456,0.94824841,0.95012366,0.92252964,0.93192272,0.94076305,0.91439689,0.8828125,0.89622642,0.87012987,0.90384615,0.9047619,0.76470588,0.76470588,0.9,0
0,4,Act_Cooking,0,0,0,0,0,0,0,0,0,0,0,0,0,0,0,0,0,0,0,0,0,0,0,0,0,0,0,0,0,0,0,0,0.33333333,0.16666667,0.125,0.43956044,0.3,0.42268041,0.46696035,0.41975309,0.36444444,0.44051447,0.51505017,0.49180328,0.33474576,0.27949183,0.22608696,0.32272727,0.27741935,0.24230769,0.18942731,0.15168539,0.0794702,0.18285714,0.12883436,0.12179487,0.18987342,0.21656051,0.21232877,0.19101124,0.12138728,0.09803922,0.16384181,0.14285714,0.18965517,0.23979592,0.23529412,0.27683616,0.39520958,0.39673913,0.3956044,0.48677249,0.3125,0.3018018,0.3248731,0.2284264,0.21287129,0.20689655,0.1849711,0.18131868,0.14814815,0.18404908,0.18617021,0.20540541,0.25,0.29515419,0.29389313,0.28185328,0.27952756,0.43076923,0.33333333,0.32881356,0.3022508,0.44444444,0.47139588,0.56899811,0.592,0.62150221,0.63076923,0.61341463,0.6461039,0.7287234,0.71364985,0.67221067,0.55882353,0.48975189,0.49055614,0.418357,0.40047281,0.36751361,0.3031654,0.23894912,0.20751634,0.17311875,0.15069067,0.14117168,0.10958904,0.09836066,0.07872878,0.07534748,0.06136681,0.05254237,0.05258065,0.05291339,0.05009276,0.04383926,0.03803804,0.04837641,0.04180664,0.02866242,0.02514427,0.04901186,0.04783809,0.01204819,0.04280156,0.046875,0.05345912,0,0.05769231,0.07142857,0.05882353,0.05882353,0,0
0,4,Act_Laundry,0,0,0,0,0,0,0,0,0,0,0,0,0,0,0,0,0,0,0,0,0,0,0,0,0,0,0,0,0,0,0,0,0.33333333,0,0,0.02197802,0.02727273,0.08247423,0.08370044,0.0617284,0.06222222,0.04180064,0.03177258,0.04189435,0.02118644,0.05989111,0.0326087,0.04772727,0.0516129,0.07692308,0.10132159,0.1011236,0.10596026,0.19428571,0.19631902,0.20512821,0.16455696,0.18471338,0.15068493,0.15730337,0.17919075,0.20261438,0.1920904,0.21714286,0.1954023,0.17346939,0.17112299,0.18079096,0.13173653,0.13043478,0.13186813,0.08465608,0.09375,0.0990991,0.08629442,0.11675127,0.14356436,0.11494253,0.12138728,0.12087912,0.14197531,0.14110429,0.15957447,0.15135135,0.16826923,0.23348018,0.21374046,0.20849421,0.19291339,0.16153846,0.16470588,0.12542373,0.10932476,0.04134367,0.03432494,0.05293006,0.0704,0.06480118,0.06433566,0.05365854,0.06818182,0.04521277,0.03189911,0.02841303,0.03492647,0.02750809,0.01731375,0.02586207,0.04255319,0.05490018,0.05840392,0.0675563,0.06699346,0.06089604,0.06446212,0.06265256,0.06966732,0.07302534,0.06319971,0.05742502,0.06868898,0.07627119,0.08096774,0.06519685,0.06462585,0.0704085,0.05805806,0.06858847,0.06980216,0.06528662,0.05935697,0.04189723,0.0349586,0.04518072,0.02140078,0.0234375,0.01257862,0,0,0,0,0,0,0
0,4,Act_WashDress,1,1,1,0,0,0,0,0,0,0,0,0,0,0,0,0,0,0,0,0,0,0,0,0,0,0,0,0,0,0,1,0,1,1,1,0.91208791,0.87272727,0.8556701,0.78414097,0.72839506,0.73333333,0.67202572,0.59866221,0.56648452,0.58333333,0.60435572,0.51956522,0.57045455,0.54193548,0.49230769,0.46696035,0.39325843,0.34437086,0.25142857,0.25766871,0.19871795,0.20253165,0.22929936,0.15753425,0.18539326,0.15606936,0.10457516,0.15254237,0.16,0.13218391,0.18877551,0.14973262,0.14124294,0.16766467,0.13586957,0.13736264,0.19047619,0.16517857,0.12612613,0.14213198,0.12690355,0.11386139,0.06321839,0.07514451,0.0989011,0.07407407,0.05521472,0.09042553,0.13513514,0.12019231,0.10132159,0.1221374,0.1003861,0.09448819,0.15,0.08627451,0.0440678,0.06109325,0.09819121,0.0778032,0.07372401,0.0656,0.07805596,0.07412587,0.09634146,0.08982684,0.11170213,0.08902077,0.07553708,0.1060049,0.13268608,0.11490031,0.06338742,0.06950355,0.07849365,0.10744539,0.1088407,0.11764706,0.08133971,0.07157807,0.0805533,0.12367906,0.09724292,0.10039726,0.14447696,0.14086471,0.12101695,0.12967742,0.13322835,0.1314162,0.18930588,0.1708375,0.17958913,0.22433744,0.25039809,0.21805441,0.3715415,0.29714811,0.25301205,0.36964981,0.3359375,0.26415094,0.49350649,0.34615385,0.23809524,0.29411765,0.52941176,0.6,0.66666667
0,4,Act_Iron,0,0,0,0,0,0,0,0,0,0,0,0,0,0,0,0,0,0,0,0,0,0,0,0,0,0,0,0,0,0,0,0,0.33333333,0,0,0.02197802,0.02727273,0.08247423,0.08370044,0.0617284,0.06222222,0.04180064,0.03177258,0.04189435,0.02118644,0.05989111,0.0326087,0.04772727,0.0516129,0.07692308,0.10132159,0.1011236,0.10596026,0.19428571,0.19631902,0.20512821,0.16455696,0.18471338,0.15068493,0.15730337,0.17919075,0.20261438,0.1920904,0.21714286,0.1954023,0.17346939,0.17112299,0.18079096,0.13173653,0.13043478,0.13186813,0.08465608,0.09375,0.0990991,0.08629442,0.11675127,0.14356436,0.11494253,0.12138728,0.12087912,0.14197531,0.14110429,0.15957447,0.15135135,0.16826923,0.23348018,0.21374046,0.20849421,0.19291339,0.16153846,0.16470588,0.12542373,0.10932476,0.04134367,0.03432494,0.05293006,0.0704,0.06480118,0.06433566,0.05365854,0.06818182,0.04521277,0.03189911,0.02841303,0.03492647,0.02750809,0.01731375,0.02586207,0.04255319,0.05490018,0.05840392,0.0675563,0.06699346,0.06089604,0.06446212,0.06265256,0.06966732,0.07302534,0.06319971,0.05742502,0.06868898,0.07627119,0.08096774,0.06519685,0.06462585,0.0704085,0.05805806,0.06858847,0.06980216,0.06528662,0.05935697,0.04189723,0.0349586,0.04518072,0.02140078,0.0234375,0.01257862,0,0,0,0,0,0,0
0,4,Act_HouseClean,0,0,0,0,0,0,0,0,0,0,0,0,0,0,0,0,0,0,0,0,0,0,0,0,0,0,0,0,0,0,1,0,0.33333333,0,0,0.21978022,0.21818182,0.25773196,0.34361233,0.33333333,0.38222222,0.37942122,0.38628763,0.36976321,0.42655367,0.47912886,0.48695652,0.475,0.52903226,0.56538462,0.59911894,0.65168539,0.64900662,0.74857143,0.74233129,0.78846154,0.83544304,0.79617834,0.80821918,0.71348315,0.71676301,0.73856209,0.69491525,0.69714286,0.6954023,0.66326531,0.67914439,0.6779661,0.63473054,0.61956522,0.62637363,0.35449735,0.44642857,0.49099099,0.50253807,0.45177665,0.47524752,0.54022989,0.53757225,0.53296703,0.51234568,0.52147239,0.49468085,0.43243243,0.43269231,0.44933921,0.4351145,0.43243243,0.4488189,0.47692308,0.48235294,0.50508475,0.51768489,0.54521964,0.53089245,0.41020794,0.4512,0.41384389,0.4,0.37682927,0.37554113,0.31914894,0.31454006,0.28066528,0.26838235,0.27076591,0.27544596,0.26521298,0.27612293,0.27177858,0.27329469,0.27898249,0.27655229,0.28229665,0.28589368,0.28437754,0.2778865,0.30290611,0.31491513,0.31711778,0.32287308,0.31322034,0.30967742,0.3080315,0.30272109,0.26768515,0.28395062,0.27501657,0.27174319,0.24522293,0.24361088,0.19683794,0.19687213,0.20883534,0.16342412,0.15625,0.14150943,0.16883117,0.09615385,0.07142857,0.17647059,0.17647059,0.2,0
0,4,Act_PC,1,1,0,0,0,0,0,0,0,0,0,0,0,0,0,0,0,0,0,0,0,0,0,0,0,0,0,0,0,0,0,0,0.66666667,0.66666667,0.625,0.25274725,0.29090909,0.25773196,0.18942731,0.16049383,0.12444444,0.12057878,0.17725753,0.21129326,0.26271186,0.2722323,0.29782609,0.23181818,0.25483871,0.37692308,0.40088106,0.48314607,0.56291391,0.56571429,0.59509202,0.58333333,0.5443038,0.5477707,0.55479452,0.61797753,0.6416185,0.65359477,0.62711864,0.66285714,0.66091954,0.60714286,0.59893048,0.61581921,0.56886228,0.55434783,0.55494505,0.41798942,0.43303571,0.44594595,0.47715736,0.47208122,0.47029703,0.55747126,0.58381503,0.59340659,0.60493827,0.60122699,0.57446809,0.6,0.60576923,0.6123348,0.5648855,0.55212355,0.51181102,0.45,0.47843137,0.47457627,0.38585209,0.33074935,0.37757437,0.34215501,0.2992,0.29896907,0.27272727,0.28170732,0.27597403,0.21719858,0.20771513,0.21275121,0.19056373,0.17098166,0.18048269,0.17292089,0.15271868,0.15335753,0.12483281,0.1530442,0.16993464,0.1831231,0.18668899,0.18958503,0.20273973,0.21497765,0.22535211,0.23408925,0.2374477,0.23491525,0.29483871,0.30992126,0.30395795,0.31119229,0.31197865,0.31577203,0.33781262,0.32683121,0.32769992,0.30434783,0.3173873,0.31927711,0.3307393,0.32291667,0.3427673,0.33766234,0.32692308,0.30952381,0.17647059,0.23529412,0.3,1
0,5,Act_TV,0,0,0,0,0,0,0,0,0,0,0,0,0,0,0,0,0,0,0,0,0,0,0,0,0,0,0,0,0,0,0,0,0,0,0,0.33333333,0.2,0.2,0.57142857,0.72727273,0.8,0.37704918,0.30357143,0.38636364,0.27272727,0.27419355,0.37209302,0.42222222,0.4375,0.5,0.43478261,0.4,0.42105263,0.31578947,0.58823529,0.58823529,0.75,0.6,0.64285714,0.3125,0.41176471,0.29411765,0.26666667,0.4,0.47058824,0.53333333,0.47058824,0.47058824,0.5,0.53333333,0.53846154,0.72727273,0.66666667,0.6,0.5,0.6,0.58333333,0.54545455,0.63636364,0.6,0.46153846,0.47058824,0.47368421,0.4,0.5,0.55,0.4,0.4516129,0.47058824,0.64,0.47368421,0.45,0.66666667,0.62162162,0.54166667,0.66666667,0.74712644,0.74712644,0.70786517,0.73728814,0.73809524,0.68275862,0.67741935,0.7029703,0.58411215,0.59322034,0.61242604,0.70731707,0.64556962,0.63358779,0.64597701,0.66269841,0.68983957,0.75150301,0.76209677,0.76428571,0.78733766,0.81765557,0.82369535,0.81950509,0.82435897,0.85343709,0.9017341,0.9220339,0.91410392,0.91955307,0.93437152,0.93362832,0.96159317,0.97208539,0.97459165,0.96517413,0.9695122,0.97619048,0.93103448,0.95454545,0.93548387,1,1,1,0,0,0,0
0,5,Act_Cooking,0,0,0,0,0,0,0,0,0,0,0,0,0,0,0,0,0,0,0,0,0,0,0,0,0,0,0,0,0,0,0,0,0,0,0,0.66666667,0.6,0.6,0.78571429,0.27272727,0.3,0.54098361,0.625,0.54545455,0.36363636,0.37096774,0.23255814,0.31111111,0.375,0.5,0.26086957,0.3,0.26315789,0.36842105,0.11764706,0,0.0625,0,0.14285714,0.3125,0.17647059,0.23529412,0.26666667,0.26666667,0.23529412,0.33333333,0.17647059,0.17647059,0.78571429,0.53333333,0.53846154,0.63636364,0.25,0.2,0.25,0.5,0.16666667,0.27272727,0.18181818,0.2,0,0.05882353,0.10526316,0,0.125,0.25,0.4,0.4516129,0.44117647,0.36,0.42105263,0.45,0.375,0.54054054,0.54166667,0.63492063,0.62068966,0.67816092,0.75280899,0.77966102,0.74603175,0.7862069,0.81182796,0.73762376,0.64018692,0.51864407,0.53550296,0.48238482,0.4556962,0.40203562,0.32183908,0.23809524,0.20855615,0.17635271,0.13104839,0.12321429,0.10227273,0.13603473,0.09590973,0.10917031,0.07179487,0.05836576,0.07052023,0.04858757,0.03287381,0.03463687,0.02224694,0.06637168,0.06116643,0.05418719,0.03629764,0.06965174,0.09146341,0,0.0862069,0.06818182,0,0,0,0,0,0,0,0
0,5,Act_Laundry,0,0,0,0,0,0,0,0,0,0,0,0,0,0,0,0,0,0,0,0,0,0,0,0,0,0,0,0,0,0,0,0,1,0,0,0,0,0,0.14285714,0.09090909,0.1,0.06557377,0.03571429,0,0.04545455,0.08064516,0.02325581,0.17777778,0.15625,0.08333333,0.04347826,0.05,0.05263158,0.15789474,0.17647059,0.17647059,0.25,0.4,0.35714286,0.25,0.23529412,0.29411765,0.2,0.13333333,0.11764706,0.13333333,0.17647059,0.17647059,0.14285714,0.2,0.23076923,0.09090909,0.08333333,0,0,0.1,0,0.09090909,0,0,0.07692308,0.05882353,0.10526316,0.13333333,0.0625,0.2,0.2,0.32258065,0.32352941,0.32,0.31578947,0.35,0.29166667,0.08108108,0.08333333,0.12698413,0.08045977,0.06896552,0.07865169,0.07627119,0.08730159,0.07586207,0.06451613,0.06435644,0.08411215,0.03389831,0.0147929,0.0298103,0.08101266,0.08142494,0.09655172,0.08928571,0.09269162,0.0741483,0.07258065,0.09285714,0.09577922,0.09117221,0.07898449,0.0713246,0.08589744,0.09338521,0.09710983,0.06666667,0.08059385,0.08156425,0.07007786,0.08185841,0.10241821,0.11001642,0.08166969,0.039801,0.03658537,0.04761905,0.01724138,0.04545455,0.06451613,0,0,0,0,0,0,0
0,5,Act_WashDress,0,0,0,0,0,0,0,0,0,0,0,0,0,0,0,0,0,0,0,0,0,0,0,0,0,0,0,0,0,0,0,0,1,1,0,1,1,1,0.64285714,0.72727273,0.8,0.72131148,0.71428571,0.68181818,0.625,0.67741935,0.53488372,0.62222222,0.46875,0.41666667,0.43478261,0.35,0.31578947,0.15789474,0.11764706,0.11764706,0.125,0,0,0,0,0.05882353,0,0.06666667,0.17647059,0.33333333,0.29411765,0.29411765,0.35714286,0.13333333,0.15384615,0.09090909,0.08333333,0.1,0.125,0.2,0.08333333,0,0,0,0.07692308,0.05882353,0.10526316,0.2,0.125,0.1,0.16,0.16129032,0.23529412,0.24,0.10526316,0.1,0.125,0.16216216,0.10416667,0.04761905,0.08045977,0.09195402,0.08988764,0.10169492,0.14285714,0.15172414,0.12365591,0.08910891,0.14018692,0.16949153,0.12426036,0.07317073,0.09113924,0.10687023,0.16091954,0.1547619,0.16399287,0.09819639,0.09072581,0.12678571,0.17045455,0.10853835,0.09590973,0.1790393,0.18461538,0.14396887,0.14450867,0.14915254,0.14634146,0.19106145,0.20022247,0.20685841,0.23044097,0.29885057,0.25045372,0.43283582,0.3597561,0.30952381,0.63793103,0.40909091,0.29032258,0.33333333,0,0,0,0,0,0
0,5,Act_Iron,0,0,0,0,0,0,0,0,0,0,0,0,0,0,0,0,0,0,0,0,0,0,0,0,0,0,0,0,0,0,0,0,1,0,0,0,0,0,0.14285714,0.09090909,0.1,0.06557377,0.03571429,0,0.04545455,0.08064516,0.02325581,0.17777778,0.15625,0.08333333,0.04347826,0.05,0.05263158,0.15789474,0.17647059,0.17647059,0.25,0.4,0.35714286,0.25,0.23529412,0.29411765,0.2,0.13333333,0.11764706,0.13333333,0.17647059,0.17647059,0.14285714,0.2,0.23076923,0.09090909,0.08333333,0,0,0.1,0,0.09090909,0,0,0.07692308,0.05882353,0.10526316,0.13333333,0.0625,0.2,0.2,0.32258065,0.32352941,0.32,0.31578947,0.35,0.29166667,0.08108108,0.08333333,0.12698413,0.08045977,0.06896552,0.07865169,0.07627119,0.08730159,0.07586207,0.06451613,0.06435644,0.08411215,0.03389831,0.0147929,0.0298103,0.08101266,0.08142494,0.09655172,0.08928571,0.09269162,0.0741483,0.07258065,0.09285714,0.09577922,0.09117221,0.07898449,0.0713246,0.08589744,0.09338521,0.09710983,0.06666667,0.08059385,0.08156425,0.07007786,0.08185841,0.10241821,0.11001642,0.08166969,0.039801,0.03658537,0.04761905,0.01724138,0.04545455,0.06451613,0,0,0,0,0,0,0
0,5,Act_HouseClean,0,0,0,0,0,0,0,0,0,0,0,0,0,0,0,0,0,0,0,0,0,0,0,0,0,0,0,0,0,0,0,0,1,0,0,0.33333333,0.4,0.2,0.5,0.27272727,0.3,0.45901639,0.55357143,0.56818182,0.63636364,0.62903226,0.60465116,0.57777778,0.75,0.75,0.73913043,0.7,0.73684211,0.84210526,0.76470588,0.94117647,1,0.93333333,0.92857143,0.875,0.82352941,0.82352941,0.8,0.73333333,0.76470588,0.66666667,0.76470588,0.76470588,0.64285714,0.6,0.61538462,0.27272727,0.41666667,0.6,0.5,0.4,0.5,0.54545455,0.45454545,0.5,0.53846154,0.58823529,0.57894737,0.6,0.625,0.55,0.6,0.48387097,0.5,0.56,0.57894737,0.6,0.70833333,0.7027027,0.66666667,0.52380952,0.55172414,0.57471264,0.66292135,0.61016949,0.53174603,0.46206897,0.43548387,0.35148515,0.32242991,0.31864407,0.34319527,0.33333333,0.33417722,0.32569975,0.31034483,0.31944444,0.3315508,0.34068136,0.34879032,0.32678571,0.30357143,0.35166425,0.37376587,0.36535662,0.39230769,0.39948119,0.3734104,0.38079096,0.38706257,0.32513966,0.35817575,0.36061947,0.34139403,0.30706076,0.30671506,0.30845771,0.26829268,0.26984127,0.17241379,0.18181818,0.25806452,0,0,0,0,0,0,0
0,5,Act_PC,0,0,0,0,0,0,0,0,0,0,0,0,0,0,0,0,0,0,0,0,0,0,0,0,0,0,0,0,0,0,0,0,1,1,0,0.5,0.4,0.4,0.35714286,0.45454545,0.3,0.16393443,0.21428571,0.25,0.32954545,0.29032258,0.34883721,0.15555556,0.28125,0.41666667,0.39130435,0.45,0.42105263,0.68421053,0.64705882,0.64705882,0.625,0.66666667,0.64285714,0.6875,0.70588235,0.70588235,0.8,0.8,0.82352941,0.73333333,0.76470588,0.76470588,0.57142857,0.66666667,0.76923077,0.54545455,0.58333333,0.6,0.5,0.5,0.58333333,0.72727273,0.72727273,0.7,0.76923077,0.82352941,0.78947368,0.73333333,0.625,0.6,0.64,0.5483871,0.5,0.56,0.47368421,0.45,0.54166667,0.40540541,0.39583333,0.34920635,0.34482759,0.35632184,0.28089888,0.30508475,0.27777778,0.2,0.20430108,0.18811881,0.1682243,0.18305085,0.18047337,0.18699187,0.18987342,0.19847328,0.15402299,0.19444444,0.2228164,0.19438878,0.20766129,0.22321429,0.20941558,0.22286541,0.23413258,0.22125182,0.21025641,0.20622568,0.27861272,0.27457627,0.25450689,0.29832402,0.32925473,0.34070796,0.38122333,0.38259442,0.37023593,0.4079602,0.40853659,0.44444444,0.5,0.47727273,0.5483871,0.66666667,1,1,0,0,0,0
1,1,Act_TV,0.37086903,0.37343447,0.34281105,0.35213639,0.34111849,0.25153203,0.25816803,0.26338894,0.28057314,0.31016775,0.3033241,0.2141616,0.22495446,0.22562929,0.25313569,0.27994875,0.26614481,0.24518519,0.25481139,0.26501201,0.24450952,0.24486804,0.23655122,0.18633035,0.19974282,0.20294245,0.26586937,0.28971076,0.30963187,0.19706657,0.18682546,0.19460067,0.19795119,0.17212889,0.17986615,0.15604027,0.14499501,0.1702622,0.13240753,0.12601124,0.13405747,0.14663206,0.16060783,0.15715284,0.15326547,0.15239511,0.15183366,0.16339613,0.1682486,0.17087706,0.16070446,0.16163531,0.16691088,0.15414847,0.16635912,0.1718992,0.16279724,0.16848829,0.16603615,0.17412351,0.18459763,0.19069899,0.19620341,0.20030141,0.20162933,0.1839207,0.18477813,0.18787043,0.20471582,0.20510742,0.20916633,0.1850519,0.18144707,0.18552483,0.18295705,0.1886482,0.19172677,0.18504772,0.18568718,0.18931381,0.20075655,0.21179335,0.21662125,0.21604105,0.22524138,0.22828199,0.23381643,0.23801514,0.23858742,0.23704235,0.2427568,0.24777184,0.24232182,0.24549483,0.25280479,0.24517697,0.24941689,0.25454545,0.25620509,0.26481948,0.26592518,0.25556328,0.25993669,0.27237007,0.2864184,0.31219963,0.31803827,0.35304957,0.36607143,0.37514124,0.38327986,0.39646222,0.4026377,0.43406593,0.45248959,0.46935132,0.50680756,0.52146231,0.53137903,0.55180871,0.57048552,0.58027923,0.58451164,0.59255178,0.59557522,0.57938605,0.595262,0.60577502,0.59334082,0.59718462,0.60468002,0.55517802,0.56111111,0.57290947,0.53693648,0.55808019,0.5741788,0.49041096,0.52198853,0.52971422,0.45612009,0.47619679,0.48044468,0.35599403
1,1,Act_Cooking,0.00087428,0.00088199,0,0,0,0,0,0,0,0,0,0,0,0,0,0,0,0.00518519,0.00538876,0.00560448,0,0.00073314,0,0.01423922,0.0222889,0.03202077,0.06623735,0.0535799,0.07009581,0.06393381,0.05842948,0.01537308,0.10364568,0.02588819,0.03095371,0.11275168,0.07000333,0.0781613,0.10050873,0.11476759,0.0720473,0.12905509,0.08696669,0.06616962,0.11792291,0.11581114,0.09528162,0.11669283,0.1011572,0.0852442,0.08709411,0.06795722,0.06140935,0.07947598,0.0689851,0.06377587,0.06416209,0.05762952,0.04974079,0.06263752,0.05336025,0.05685524,0.06013579,0.05863817,0.05784114,0.08301211,0.08943536,0.0889042,0.10140384,0.10498581,0.09819121,0.10602076,0.08614865,0.08323928,0.07640419,0.07129147,0.06504286,0.07489396,0.05868799,0.05505831,0.05187787,0.05274547,0.04986376,0.04968944,0.05117241,0.05051346,0.06073154,0.05831231,0.055412,0.07035176,0.07272461,0.07575758,0.0850845,0.08995569,0.09588631,0.12365183,0.12393096,0.12535885,0.15986283,0.170445,0.16683519,0.20671071,0.1941611,0.18753349,0.15041986,0.13863216,0.13171094,0.09710706,0.08500744,0.08229755,0.06284205,0.05422034,0.04868115,0.04238619,0.04007141,0.03114461,0.02397887,0.02341343,0.02085054,0.02064173,0.01916525,0.01767016,0.01457472,0.01079771,0.01172566,0.00670868,0.00521984,0.00521356,0.00486345,0.00342898,0.00283638,0.00709115,0.00512821,0.00262612,0.00303069,0.00352369,0.00300806,0.00798094,0.0081262,0.00860935,0.00526046,0.00304999,0.00214305,0.01442547
1,1,Act_Laundry,0.00856793,0.0086435,0.01068764,0.01115555,0.0115706,0.01615599,0.01691949,0.01726661,0,0,0,0,0,0,0,0,0,0,0,0,0,0,0,0.01261188,0.01543078,0.0164431,0.01563937,0.01612138,0.01714574,0.01241068,0.01228135,0.01237345,0.00964146,0.01652437,0.0170106,0.00704698,0.0078151,0.00713575,0.00907466,0.01042095,0.01732435,0.00967323,0.0150789,0.0195713,0.01818598,0.01772036,0.02147835,0.02537938,0.02600442,0.02733515,0.02834342,0.03059429,0.03090449,0.03144105,0.03094393,0.03533718,0.03897566,0.03832505,0.0404932,0.03990025,0.0400923,0.04055012,0.03394762,0.03671736,0.03665988,0.03152533,0.03613134,0.0383184,0.03679978,0.02729361,0.02434381,0.01577855,0.01632883,0.01481377,0.01693282,0.01700027,0.01619268,0.01590668,0.02060179,0.01857879,0.02337206,0.02542602,0.02792916,0.03038077,0.02910345,0.02789342,0.02677709,0.02396972,0.02325581,0.0241206,0.02297337,0.02569816,0.02027921,0.0239291,0.02243829,0.02400122,0.02130306,0.02089314,0.0202482,0.01830395,0.01752612,0.01373435,0.01442139,0.01357385,0.01350858,0.0142329,0.01560468,0.01160862,0.01153274,0.01054614,0.01736177,0.01941934,0.01939488,0.019427,0.01924221,0.01844872,0.01483438,0.01704662,0.01775392,0.01716738,0.0149063,0.01701571,0.01566239,0.01476421,0.01548673,0.01118113,0.01264806,0.0112292,0.01028807,0.00848222,0.00780004,0.00901167,0.00811966,0.00718728,0.00669276,0.00716889,0.0069787,0.01024419,0.00633365,0.00657659,0.0068001,0.00716085,0.00723279,0.00779307
1,1,Act_WashDress,0.07693653,0.08431822,0.09013914,0.06272364,0.03964003,0.08579387,0.06884481,0.07404156,0.04365212,0.03046902,0.033241,0.1068636,0.08242259,0.09565217,0.09179019,0.02242152,0.024788,0.05333333,0.05773672,0.06004804,0.05051245,0.10117302,0.0862196,0.1179821,0.11101586,0.13717006,0.11545538,0.1275486,0.11850731,0.09101166,0.12393003,0.13385827,0.14582706,0.15643074,0.12297825,0.19110738,0.19005653,0.15582476,0.17750584,0.16714658,0.15316926,0.2122213,0.20549386,0.18522833,0.15292234,0.12884418,0.12030161,0.14809001,0.14133403,0.13615753,0.15657677,0.14430757,0.14160117,0.15080058,0.13286018,0.1240321,0.11439426,0.10688432,0.10046238,0.11397976,0.10124027,0.08989083,0.08272135,0.06822852,0.06449423,0.07599119,0.0623712,0.05802895,0.04933897,0.03837319,0.03603971,0.04733564,0.04969032,0.04458239,0.0470815,0.04537976,0.04354334,0.0421527,0.04011927,0.03810686,0.03445015,0.0247498,0.0226158,0.02984067,0.02731034,0.02844852,0.02553485,0.01920381,0.02067183,0.02598708,0.02663155,0.0245098,0.02747979,0.03028065,0.02961855,0.03493848,0.03778573,0.03827751,0.03020901,0.03207389,0.03134479,0.02868567,0.02215969,0.0212538,0.0222709,0.02310536,0.02637934,0.02874516,0.02790179,0.02711864,0.02679751,0.0223034,0.01978278,0.0266876,0.01924221,0.01666336,0.02133713,0.02074348,0.01857969,0.02840793,0.02768313,0.02465096,0.03915597,0.04032613,0.03827434,0.05305956,0.0373419,0.03428915,0.05649083,0.04944956,0.04786385,0.08893485,0.07735043,0.06869385,0.09420381,0.06998785,0.06184575,0.11101846,0.07421128,0.06863566,0.10597896,0.07810635,0.05987142,0.09550655
1,1,Act_Iron,0.00856793,0.0086435,0.01068764,0.01115555,0.0115706,0.01615599,0.01691949,0.01726661,0,0,0,0,0,0,0,0,0,0,0,0,0,0,0,0.01261188,0.01543078,0.0164431,0.01563937,0.01612138,0.01714574,0.01241068,0.01228135,0.01237345,0.00964146,0.01652437,0.0170106,0.00704698,0.0078151,0.00713575,0.00907466,0.01042095,0.01732435,0.00967323,0.0150789,0.0195713,0.01818598,0.01772036,0.02147835,0.02537938,0.02600442,0.02733515,0.02834342,0.03059429,0.03090449,0.03144105,0.03094393,0.03533718,0.03897566,0.03832505,0.0404932,0.03990025,0.0400923,0.04055012,0.03394762,0.03671736,0.03665988,0.03152533,0.03613134,0.0383184,0.03679978,0.02729361,0.02434381,0.01577855,0.01632883,0.01481377,0.01693282,0.01700027,0.01619268,0.01590668,0.02060179,0.01857879,0.02337206,0.02542602,0.02792916,0.03038077,0.02910345,0.02789342,0.02677709,0.02396972,0.02325581,0.0241206,0.02297337,0.02569816,0.02027921,0.0239291,0.02243829,0.02400122,0.02130306,0.02089314,0.0202482,0.01830395,0.01752612,0.01373435,0.01442139,0.01357385,0.01350858,0.0142329,0.01560468,0.01160862,0.01153274,0.01054614,0.01736177,0.01941934,0.01939488,0.019427,0.01924221,0.01844872,0.01483438,0.01704662,0.01775392,0.01716738,0.0149063,0.01701571,0.01566239,0.01476421,0.01548673,0.01118113,0.01264806,0.0112292,0.01028807,0.00848222,0.00780004,0.00901167,0.00811966,0.00718728,0.00669276,0.00716889,0.0069787,0.01024419,0.00633365,0.00657659,0.0068001,0.00716085,0.00723279,0.00779307
1,1,Act_HouseClean,0.04144081,0.04145352,0.05222827,0.05009472,0.05163917,0.04568245,0.04813302,0.04858063,0.04098634,0.04176652,0.04224377,0.05039096,0.05282332,0.05308924,0.07069555,0.07943626,0.08088715,0.01703704,0.01770593,0.01841473,0.01683748,0.01759531,0.01768607,0.01545972,0.01371625,0.01687581,0.02069917,0.02133713,0.01966717,0.01429109,0.01786379,0.01799775,0.02952697,0.06141559,0.06413832,0.08171141,0.10325906,0.07583804,0.11577066,0.11463047,0.12635776,0.10463607,0.11104617,0.11637931,0.12123985,0.13593232,0.1354964,0.13644689,0.1458848,0.15209224,0.16166758,0.17097604,0.16997469,0.16026201,0.17473385,0.17922005,0.19487829,0.19787083,0.19770212,0.20111486,0.20550909,0.20615341,0.20867396,0.21660501,0.21697217,0.20044053,0.19865366,0.20082702,0.18863296,0.18781246,0.18427853,0.1399308,0.14400338,0.14771445,0.14881608,0.1488895,0.14886379,0.15402969,0.15817295,0.15690263,0.14928398,0.1518799,0.15299728,0.15257899,0.16110345,0.15945046,0.1657695,0.16428371,0.16551823,0.15707107,0.15671642,0.15389186,0.14636297,0.1422452,0.14001496,0.13200668,0.12346447,0.12105263,0.11528413,0.10780856,0.10532524,0.09509736,0.09971861,0.09787462,0.0845199,0.08040665,0.07839495,0.07591671,0.07905506,0.07608286,0.07473108,0.07363968,0.07428239,0.06750392,0.07022416,0.0722079,0.0701077,0.0702403,0.06771263,0.06131208,0.06175468,0.06195462,0.05699369,0.0542089,0.05176991,0.04655418,0.04356555,0.04551835,0.04769921,0.04926909,0.04768658,0.04136505,0.03846154,0.03718037,0.03838869,0.04082625,0.04127061,0.04347826,0.04541109,0.04220973,0.04914036,0.05131945,0.04634342,0.03631239
1,1,Act_PC,0.11435566,0.11342388,0.1107078,0.11071353,0.11270624,0.13649025,0.14352392,0.14340064,0.15728091,0.16261554,0.16655125,0.12293658,0.12887067,0.12951945,0.16191562,0.15887252,0.1617743,0.10592593,0.1108545,0.11609287,0.10614934,0.10630499,0.11127487,0.08950366,0.09558508,0.11120727,0.125115,0.12422949,0.13414019,0.13501316,0.1410495,0.14248219,0.16932811,0.15119802,0.15421082,0.07768456,0.08280678,0.08629273,0.05719786,0.06184012,0.06201017,0.05969093,0.05774401,0.0610438,0.05764612,0.0601349,0.06180738,0.05232862,0.05512937,0.0572613,0.05049532,0.04981725,0.05168509,0.05254731,0.05649397,0.05969309,0.0576896,0.0581973,0.05786745,0.0611706,0.06460917,0.06890685,0.06512401,0.06795451,0.06843177,0.06084802,0.05742547,0.05623708,0.0542456,0.05350628,0.05344757,0.04027682,0.03913288,0.04260722,0.04790749,0.05538799,0.05347666,0.0478526,0.05001355,0.04949824,0.05147257,0.05004057,0.05449591,0.05941129,0.05903448,0.06189287,0.06404417,0.06139613,0.06330749,0.06231156,0.05984782,0.05882353,0.0570169,0.05509601,0.05594615,0.04678718,0.04742653,0.04784689,0.05339647,0.05037783,0.04870239,0.04155076,0.04185719,0.04232899,0.03650968,0.03770795,0.03418168,0.03298323,0.03162202,0.03220339,0.03604454,0.04018458,0.04208689,0.04493721,0.04641936,0.04602261,0.05283479,0.05565825,0.05573906,0.05967709,0.05728279,0.05824607,0.05982162,0.06544733,0.06415929,0.06769669,0.07006625,0.06837778,0.06902357,0.06894062,0.06860486,0.06337716,0.06239316,0.06399447,0.0565728,0.05394897,0.05534833,0.05848719,0.06524857,0.0661246,0.06158584,0.06497812,0.06469328,0.10313381
1,2,Act_TV,0.52331113,0.5499002,0.53418803,0.57190083,0.52276867,0.37666667,0.38909091,0.38888889,0.44230769,0.47179487,0.4787234,0.34710744,0.36936937,0.38679245,0.45454545,0.5,0.48780488,0.57142857,0.59259259,0.64,0.52941176,0.67857143,0.65517241,0.35616438,0.3559322,0.37068966,0.46987952,0.51351351,0.546875,0.36686391,0.35393258,0.36,0.32481752,0.26210826,0.26956522,0.23813632,0.21589883,0.2974359,0.2004914,0.20623145,0.21752266,0.27017717,0.28782288,0.27235875,0.24254269,0.24311452,0.24127785,0.28097345,0.29154659,0.2894651,0.28564815,0.28255065,0.29827366,0.28033473,0.30029542,0.31808052,0.29346558,0.30059347,0.29959514,0.30293758,0.31506218,0.32014719,0.33863176,0.3410596,0.34675366,0.31915554,0.32501936,0.32667596,0.36622099,0.36539046,0.36432465,0.31341282,0.30470257,0.30144755,0.30494873,0.31712062,0.32301683,0.31030209,0.30196386,0.31036643,0.32575758,0.34321445,0.35677003,0.35920074,0.35638051,0.36486486,0.37745621,0.38018046,0.39012158,0.38321892,0.40033123,0.39241071,0.3857957,0.40397924,0.40863597,0.40166205,0.4067406,0.40583899,0.40145455,0.40536621,0.40721425,0.38808078,0.40169731,0.41479468,0.42210913,0.4493536,0.46500425,0.52502145,0.52852514,0.54753915,0.561546,0.5721323,0.58381831,0.63222269,0.65862656,0.66790831,0.6945784,0.71552357,0.73075806,0.73488646,0.75962678,0.7692194,0.78099769,0.78996865,0.80376229,0.80392715,0.81480398,0.82517996,0.82129832,0.81994135,0.83095515,0.79353461,0.8038943,0.81259769,0.76766281,0.79479298,0.80122494,0.71565174,0.75286553,0.76118536,0.68107667,0.69832155,0.70387244,0.50580046
1,2,Act_Cooking,0,0,0,0,0,0,0,0,0,0,0,0,0,0,0,0,0,0.03571429,0.03703704,0.04,0,0,0,0.02739726,0.04237288,0.06896552,0.14457831,0.13513514,0.15625,0.20118343,0.15730337,0.00571429,0.15328467,0.06837607,0.05217391,0.22519413,0.12827462,0.2008547,0.23734644,0.26458952,0.17019134,0.24237205,0.1904059,0.14492019,0.24439416,0.24290743,0.21164355,0.24462705,0.22878642,0.19324853,0.18040123,0.14292445,0.13107417,0.16153616,0.14254062,0.12925271,0.12835473,0.11468843,0.10151447,0.11933905,0.11653616,0.1116222,0.1145395,0.10627562,0.1080522,0.16485563,0.1742835,0.16922124,0.19578915,0.19735643,0.18291944,0.19508197,0.18009197,0.1693777,0.16049933,0.14561509,0.12560096,0.1419055,0.11186174,0.11634826,0.10574495,0.10359734,0.0930304,0.08751549,0.09543697,0.09505011,0.12048743,0.12371922,0.11717325,0.133791,0.13595303,0.14806548,0.16133275,0.17099193,0.18401487,0.25572241,0.25838975,0.26463362,0.31956364,0.32849891,0.31928147,0.37480582,0.35756719,0.34611532,0.28314956,0.2621111,0.25446302,0.17386331,0.1601634,0.15534116,0.12197171,0.10429275,0.09467708,0.07802615,0.0746311,0.06561605,0.04983195,0.04200323,0.03906477,0.03568269,0.03554502,0.03326434,0.03705306,0.02864064,0.02949979,0.01707456,0.01155647,0.01116498,0.01181619,0.00777126,0.00611532,0.00975907,0.00896307,0.00656455,0.00880981,0.00994395,0.01095026,0.02717665,0.026279,0.0273097,0.01101142,0.00530035,0.00455581,0.02861562
1,2,Act_Laundry,0.01427212,0.01497006,0.01566952,0.01818182,0.01821494,0.01666667,0.01818182,0.01481481,0,0,0,0,0,0,0,0,0,0,0,0,0,0,0,0.04794521,0.05932203,0.04310345,0.04819277,0.05405405,0.0625,0.0295858,0.02808989,0.02857143,0.02189781,0.02279202,0.02028986,0.00603969,0.00813008,0.00512821,0.00540541,0.00593472,0.02819738,0.01181102,0.02484625,0.03699012,0.03723514,0.03520398,0.04098361,0.05025284,0.04995197,0.05006523,0.05478395,0.04743207,0.05402813,0.06350867,0.06041359,0.06878621,0.0764294,0.07952522,0.08322087,0.08261934,0.07508061,0.07359706,0.06623033,0.07363608,0.07765754,0.05929835,0.06196747,0.07090881,0.06854157,0.0556062,0.05042399,0.03159463,0.03278445,0.02984629,0.03893595,0.03636636,0.03425481,0.03144849,0.04430479,0.04149702,0.05476641,0.05712521,0.06248081,0.06954771,0.06542923,0.05769815,0.05559787,0.05184279,0.04832827,0.05156369,0.05073773,0.05342262,0.04968581,0.05824683,0.05576208,0.05583904,0.04637765,0.04639399,0.04261818,0.04075417,0.03694046,0.02923316,0.027157,0.02976105,0.03251343,0.0318227,0.03697931,0.03445811,0.03225806,0.03243848,0.03640947,0.03842365,0.03860894,0.03936454,0.03717367,0.03796562,0.03507234,0.03656925,0.03906477,0.0429077,0.03569313,0.03932584,0.03748558,0.0353377,0.03434516,0.02731929,0.03232885,0.02967533,0.02436178,0.02302053,0.02023879,0.02043306,0.02333488,0.02375742,0.01641043,0.01663352,0.01818857,0.0218923,0.01593514,0.01568855,0.01386623,0.01590106,0.01640091,0.01314772
1,2,Act_WashDress,0.20456708,0.21357285,0.23931624,0.15371901,0.10382514,0.19666667,0.14181818,0.16296296,0.09615385,0.07692308,0.06382979,0.14876033,0.12612613,0.14150943,0.18181818,0,0,0,0,0,0.11764706,0.07142857,0.06896552,0.19178082,0.22881356,0.37068966,0.20481928,0.2027027,0.1875,0.1183432,0.20224719,0.21714286,0.18613139,0.17378917,0.13623188,0.35289042,0.32971996,0.28034188,0.32186732,0.28635015,0.28247734,0.3550689,0.36580566,0.31897644,0.26414318,0.22861876,0.21752837,0.27212389,0.24463657,0.23744292,0.28425926,0.27045704,0.26470588,0.28182905,0.2493353,0.23577477,0.20157526,0.18412463,0.1814365,0.23164015,0.20758483,0.18031279,0.16627708,0.13938821,0.12460216,0.13831108,0.10797831,0.1076018,0.09897034,0.07885141,0.07540884,0.09776453,0.09405133,0.08938964,0.09184128,0.09114038,0.0844351,0.08613478,0.07415554,0.07265894,0.06044823,0.04338428,0.04129567,0.06040892,0.05846868,0.05815366,0.06138614,0.04236122,0.0399696,0.05446224,0.0606745,0.059375,0.0660529,0.05637255,0.05304547,0.06546144,0.06380527,0.0601243,0.056,0.06250906,0.05823555,0.06044344,0.04908062,0.05294033,0.05527283,0.05327461,0.05993199,0.05990849,0.06000845,0.05355145,0.05517435,0.04714989,0.04740951,0.06790384,0.04923383,0.03696275,0.04354815,0.04435306,0.0412431,0.05588322,0.05820498,0.05011827,0.07021338,0.07751496,0.06997292,0.09760956,0.07080164,0.071544,0.12312181,0.11451613,0.10541642,0.15904239,0.1353732,0.1222257,0.19070651,0.13397216,0.11952487,0.22420735,0.13894325,0.12202208,0.18637847,0.14045936,0.11480638,0.23356535
1,2,Act_Iron,0.01427212,0.01497006,0.01566952,0.01818182,0.01821494,0.01666667,0.01818182,0.01481481,0,0,0,0,0,0,0,0,0,0,0,0,0,0,0,0.04794521,0.05932203,0.04310345,0.04819277,0.05405405,0.0625,0.0295858,0.02808989,0.02857143,0.02189781,0.02279202,0.02028986,0.00603969,0.00813008,0.00512821,0.00540541,0.00593472,0.02819738,0.01181102,0.02484625,0.03699012,0.03723514,0.03520398,0.04098361,0.05025284,0.04995197,0.05006523,0.05478395,0.04743207,0.05402813,0.06350867,0.06041359,0.06878621,0.0764294,0.07952522,0.08322087,0.08261934,0.07508061,0.07359706,0.06623033,0.07363608,0.07765754,0.05929835,0.06196747,0.07090881,0.06854157,0.0556062,0.05042399,0.03159463,0.03278445,0.02984629,0.03893595,0.03636636,0.03425481,0.03144849,0.04430479,0.04149702,0.05476641,0.05712521,0.06248081,0.06954771,0.06542923,0.05769815,0.05559787,0.05184279,0.04832827,0.05156369,0.05073773,0.05342262,0.04968581,0.05824683,0.05576208,0.05583904,0.04637765,0.04639399,0.04261818,0.04075417,0.03694046,0.02923316,0.027157,0.02976105,0.03251343,0.0318227,0.03697931,0.03445811,0.03225806,0.03243848,0.03640947,0.03842365,0.03860894,0.03936454,0.03717367,0.03796562,0.03507234,0.03656925,0.03906477,0.0429077,0.03569313,0.03932584,0.03748558,0.0353377,0.03434516,0.02731929,0.03232885,0.02967533,0.02436178,0.02302053,0.02023879,0.02043306,0.02333488,0.02375742,0.01641043,0.01663352,0.01818857,0.0218923,0.01593514,0.01568855,0.01386623,0.01590106,0.01640091,0.01314772
1,2,Act_HouseClean,0.0903901,0.09381238,0.11111111,0.1107438,0.12021858,0.09333333,0.09818182,0.0962963,0.11538462,0.12307692,0.12765957,0.16528926,0.18018018,0.18867925,0.2,0.26190476,0.26829268,0,0,0,0,0,0,0.04109589,0.05084746,0.04310345,0.04819277,0.05405405,0.0625,0.03550296,0.03370787,0.03428571,0.0620438,0.13960114,0.13623188,0.18464193,0.23757904,0.14786325,0.24766585,0.22453017,0.26082578,0.20570866,0.2295203,0.24068913,0.243777,0.28163181,0.26649853,0.26959545,0.28978546,0.29794521,0.30509259,0.31710382,0.32225064,0.29378362,0.31447563,0.32521171,0.3636231,0.36869436,0.36287299,0.36995104,0.38323353,0.38960442,0.38787595,0.39388206,0.39449395,0.36914002,0.36839659,0.37947051,0.34409098,0.3372835,0.33388855,0.25871833,0.26628097,0.26055813,0.26705305,0.27027836,0.2734375,0.28505035,0.28735271,0.28656436,0.28914141,0.29010344,0.29382868,0.30622677,0.32993039,0.33616763,0.34333587,0.33613702,0.33890578,0.335164,0.33709726,0.32440476,0.29986848,0.2949827,0.28924793,0.26738592,0.25435691,0.24656742,0.24029091,0.22364032,0.22410546,0.19149838,0.20042433,0.20203176,0.17458298,0.17019463,0.17497875,0.14984272,0.14875335,0.14471477,0.15852122,0.14637579,0.14322214,0.13637003,0.13549943,0.13653295,0.12918311,0.13100308,0.13200697,0.1272486,0.12914692,0.12610881,0.11735871,0.11085779,0.10716831,0.10202049,0.09771796,0.09930953,0.09744712,0.10293255,0.09653465,0.08600183,0.08484006,0.08236949,0.07980653,0.09112276,0.09521158,0.0910921,0.09533128,0.08221964,0.09869494,0.10821555,0.09612756,0.08352668
1,2,Act_PC,0.19695528,0.18962076,0.13390313,0.14049587,0.16029144,0.22333333,0.23636364,0.24074074,0.26442308,0.26666667,0.24468085,0.10743802,0.11711712,0.12264151,0.14545455,0.14285714,0.14634146,0.14285714,0.11111111,0.08,0.05882353,0.07142857,0.06896552,0.16438356,0.1779661,0.18103448,0.20481928,0.25675676,0.25,0.23076923,0.25280899,0.25142857,0.33941606,0.31339031,0.31014493,0.17601381,0.17976513,0.17863248,0.0953317,0.09545005,0.09768379,0.09916339,0.10110701,0.11502407,0.10121374,0.10644026,0.110971,0.09197219,0.10230548,0.10779517,0.09382716,0.10193184,0.1019821,0.10385535,0.11137371,0.11038479,0.10341307,0.0995549,0.10031489,0.11658507,0.12436665,0.13063477,0.12700639,0.12298959,0.1242839,0.11766532,0.11092177,0.10744697,0.09912402,0.10133698,0.10266505,0.08494784,0.08322207,0.09610506,0.09793431,0.11254116,0.11132813,0.10503486,0.11170463,0.10382086,0.11253157,0.11100818,0.11544366,0.11880421,0.11307038,0.11843304,0.1175933,0.11377887,0.11276596,0.10724638,0.10599217,0.10595238,0.10536314,0.10207612,0.1042322,0.09228751,0.09419559,0.09365515,0.10007273,0.09789703,0.09546574,0.08897048,0.09179632,0.09071398,0.07492225,0.0731638,0.06942477,0.06534172,0.06310748,0.06739374,0.07491948,0.08472906,0.08715401,0.08913257,0.09179909,0.09426934,0.09834868,0.10398003,0.10586698,0.11530522,0.10915284,0.11206387,0.1144752,0.12581932,0.12426963,0.13261241,0.14028672,0.14147201,0.13800146,0.13856305,0.14152592,0.13174748,0.13660949,0.13644889,0.10571774,0.10016272,0.10300668,0.10090589,0.11909421,0.12289367,0.11256117,0.11925795,0.11981777,0.18716164
1,3,Act_TV,0.58870968,0.64485981,0.48275862,0.45652174,0.375,0.45454545,0.42105263,0.45,0.66666667,0.71428571,0.71428571,0.75,0.66666667,0.5,0.5,0.66666667,0.66666667,1,1,1,1,1,1,0.5,0.5,0.5,1,1,1,0.25,0.28571429,0.28571429,0.45454545,0.41176471,0.4375,0.37190083,0.30188679,0.39837398,0.26451613,0.26245847,0.26989619,0.41666667,0.42068966,0.3721145,0.34221311,0.31219512,0.30129125,0.37508999,0.37746891,0.36575444,0.36681643,0.35958445,0.38432189,0.37194776,0.38546321,0.41861161,0.37575942,0.3804017,0.39049969,0.39944751,0.4155473,0.41290893,0.42326431,0.45243194,0.46402214,0.43292873,0.45423197,0.43788628,0.48183556,0.49081534,0.47919334,0.38988834,0.37174941,0.36294786,0.37592822,0.37329959,0.37253027,0.3549813,0.347559,0.36436856,0.40245521,0.44851952,0.46428571,0.48315342,0.46535581,0.4708063,0.46232558,0.45154452,0.46527369,0.4350045,0.49186047,0.4796122,0.50443999,0.51007092,0.52502097,0.51317957,0.50336655,0.49523305,0.50051203,0.49013733,0.49430975,0.50931824,0.51619718,0.52675663,0.51608487,0.53118621,0.52060009,0.56418605,0.56962895,0.59499431,0.6186324,0.63020241,0.64776867,0.68344519,0.70652416,0.7120561,0.74956635,0.77335899,0.79689141,0.806609,0.81525242,0.81624387,0.84140592,0.85693027,0.86463257,0.88296296,0.90008558,0.90996085,0.90625,0.90126292,0.91468757,0.90876116,0.91243021,0.91191869,0.8797881,0.90351711,0.91081216,0.84149856,0.89135255,0.89359129,0.83503055,0.84951456,0.84972678,0.56962025
1,3,Act_Cooking,0,0,0,0,0,0,0,0,0,0,0,0,0,0,0,0,0,0,0,0,0,0,0,0,0,0,0.5,0.5,0.5,0.25,0.28571429,0,0.45454545,0.05882353,0,0.39669421,0.23584906,0.33333333,0.38709677,0.42857143,0.29065744,0.39191419,0.31293103,0.22437673,0.41530055,0.40348432,0.35150646,0.362491,0.37564009,0.3191568,0.30776637,0.21816354,0.19771072,0.25326519,0.2147751,0.19778576,0.19228433,0.17559343,0.16070327,0.1781768,0.1617605,0.14559387,0.16534714,0.15019884,0.1602091,0.24494242,0.28056426,0.25216316,0.28840025,0.28714148,0.26408451,0.28008685,0.29728132,0.28808622,0.28434406,0.25150269,0.19566603,0.23257395,0.1781442,0.19201031,0.1592568,0.16958277,0.13925295,0.10467779,0.11579276,0.10905159,0.15658915,0.1677771,0.16480283,0.21344941,0.21366279,0.23039635,0.23546262,0.2448227,0.25691921,0.34486546,0.35443038,0.35725636,0.44188428,0.45318352,0.43889164,0.51002595,0.50821596,0.48301536,0.39653206,0.3633477,0.36430811,0.26883721,0.22835547,0.2182025,0.15810005,0.12940641,0.11316029,0.09642058,0.10331775,0.10133454,0.07718994,0.06692324,0.07099349,0.07363052,0.06487648,0.04966958,0.06965281,0.05548469,0.05113881,0.02349206,0.01519042,0.01413658,0.01322993,0.01354765,0.01060641,0.01311384,0.01469292,0.01293502,0.01711491,0.01996198,0.01893373,0.06628242,0.07427938,0.07617896,0.01425662,0.00970874,0.00273224,0.05696203
1,3,Act_Laundry,0,0,0,0,0,0.04545455,0.05263158,0.05,0,0,0,0,0,0,0,0,0,0,0,0,0,0,0,0,0,0,0,0,0,0,0,0,0,0,0,0,0,0,0.00645161,0.00664452,0.06228374,0.00660066,0.02586207,0.05540166,0.05806011,0.05226481,0.05451937,0.07559395,0.08302853,0.06989645,0.06867779,0.03451743,0.04856053,0.08432709,0.085493,0.11131059,0.09993925,0.10286062,0.11937076,0.1339779,0.12374964,0.12348954,0.10596833,0.10523096,0.11254613,0.08341114,0.09059561,0.10321384,0.09942639,0.08411215,0.07234315,0.04621588,0.05614657,0.05534518,0.06435644,0.06485289,0.06405354,0.05916355,0.08082768,0.07603093,0.10882548,0.10296097,0.10878113,0.11056591,0.10362047,0.08619092,0.08713178,0.08661417,0.08858152,0.09306515,0.08401163,0.09181637,0.09137783,0.11829787,0.11490075,0.10488742,0.0818745,0.08633475,0.05913978,0.04818976,0.04725383,0.03703704,0.03356808,0.03699395,0.03718914,0.04218644,0.05485893,0.07232558,0.06459001,0.05779295,0.06815053,0.0670912,0.0617031,0.06823266,0.06190158,0.06604841,0.06071119,0.06670943,0.07666457,0.08139277,0.0726101,0.08100618,0.08315474,0.07291667,0.06037817,0.04888889,0.05434318,0.04654197,0.04265511,0.04316877,0.0401199,0.03013393,0.03408757,0.03387743,0.02200489,0.02519011,0.02391629,0.04899135,0.02549889,0.02781137,0.01832994,0.01456311,0.01639344,0
1,3,Act_WashDress,0.30645161,0.28971963,0.31034483,0.19565217,0.175,0.22727273,0.26315789,0.3,0,0,0,0,0,0.25,0.25,0,0,0,0,0,0,0,0,0.25,0.25,0.5,0,0,0,0,0.14285714,0.14285714,0.18181818,0.17647059,0.125,0.50413223,0.51886792,0.43902439,0.42258065,0.37209302,0.37024221,0.45132013,0.49655172,0.44875346,0.33401639,0.2989547,0.30200861,0.35781138,0.30907096,0.31065089,0.39666239,0.3733244,0.35830732,0.36712095,0.33512064,0.33931777,0.2636695,0.23524041,0.23072178,0.34668508,0.32323521,0.27998821,0.2637028,0.21046191,0.17896679,0.16993464,0.11253918,0.12175525,0.13926068,0.12536255,0.1184379,0.15384615,0.15100473,0.13545004,0.12159653,0.12780766,0.1265137,0.12410745,0.10345942,0.11050258,0.09090909,0.02893674,0.02588467,0.07556428,0.05774032,0.06363917,0.08,0.05511811,0.04738081,0.06574602,0.09534884,0.09181637,0.0968204,0.07347518,0.0603858,0.08896211,0.08268247,0.07838983,0.06605223,0.0639201,0.06308758,0.07242274,0.0758216,0.07515123,0.08464522,0.07711499,0.10143305,0.09372093,0.09528172,0.09032992,0.07319872,0.04798726,0.05373406,0.0935123,0.07993765,0.0594888,0.05767563,0.06221937,0.0531401,0.09492127,0.09946294,0.09102537,0.11101586,0.09672619,0.08788139,0.10899471,0.07188703,0.09221401,0.17016423,0.16670494,0.15609869,0.20675223,0.17455187,0.16661534,0.28402608,0.20674905,0.17289487,0.31412104,0.18514412,0.1668682,0.27494908,0.25728155,0.18306011,0.35443038
1,3,Act_Iron,0,0,0,0,0,0.04545455,0.05263158,0.05,0,0,0,0,0,0,0,0,0,0,0,0,0,0,0,0,0,0,0,0,0,0,0,0,0,0,0,0,0,0,0.00645161,0.00664452,0.06228374,0.00660066,0.02586207,0.05540166,0.05806011,0.05226481,0.05451937,0.07559395,0.08302853,0.06989645,0.06867779,0.03451743,0.04856053,0.08432709,0.085493,0.11131059,0.09993925,0.10286062,0.11937076,0.1339779,0.12374964,0.12348954,0.10596833,0.10523096,0.11254613,0.08341114,0.09059561,0.10321384,0.09942639,0.08411215,0.07234315,0.04621588,0.05614657,0.05534518,0.06435644,0.06485289,0.06405354,0.05916355,0.08082768,0.07603093,0.10882548,0.10296097,0.10878113,0.11056591,0.10362047,0.08619092,0.08713178,0.08661417,0.08858152,0.09306515,0.08401163,0.09181637,0.09137783,0.11829787,0.11490075,0.10488742,0.0818745,0.08633475,0.05913978,0.04818976,0.04725383,0.03703704,0.03356808,0.03699395,0.03718914,0.04218644,0.05485893,0.07232558,0.06459001,0.05779295,0.06815053,0.0670912,0.0617031,0.06823266,0.06190158,0.06604841,0.06071119,0.06670943,0.07666457,0.08139277,0.0726101,0.08100618,0.08315474,0.07291667,0.06037817,0.04888889,0.05434318,0.04654197,0.04265511,0.04316877,0.0401199,0.03013393,0.03408757,0.03387743,0.02200489,0.02519011,0.02391629,0.04899135,0.02549889,0.02781137,0.01832994,0.01456311,0.01639344,0
1,3,Act_HouseClean,0.14516129,0.13084112,0.12068966,0.13043478,0.1,0.09090909,0.10526316,0.1,0,0,0,0,0,0,0.25,0,0,0,0,0,0,0,0,0,0,0,0,0,0,0,0,0,0,0.17647059,0.1875,0.21487603,0.24528302,0.17073171,0.33870968,0.27574751,0.31487889,0.28960396,0.3362069,0.35826408,0.33196721,0.39930314,0.36370158,0.40892729,0.41843453,0.4260355,0.46405648,0.47419571,0.48109608,0.43043725,0.46559428,0.47725913,0.52794654,0.52251978,0.519124,0.52127072,0.54044013,0.54612437,0.49878197,0.49862343,0.48800738,0.4833489,0.49811912,0.50556242,0.44805609,0.44537544,0.44206146,0.37841191,0.39539007,0.38333819,0.36695545,0.3710851,0.37157425,0.42230534,0.43840931,0.44329897,0.43198407,0.44347241,0.44364351,0.44389925,0.48501873,0.49428483,0.50387597,0.49697153,0.50912301,0.52026418,0.52383721,0.51040776,0.45860785,0.46524823,0.45037741,0.41817683,0.38674926,0.38426907,0.36482335,0.35006242,0.35007422,0.31398915,0.31150235,0.31177292,0.25119781,0.24132456,0.25862069,0.23581395,0.25446633,0.24323094,0.28659936,0.24926086,0.25432605,0.25480984,0.26074371,0.271658,0.25043365,0.24011118,0.23881537,0.23752495,0.25649839,0.25836709,0.2361766,0.21853741,0.21250537,0.1989418,0.19982884,0.21683341,0.21213504,0.21079219,0.2049804,0.1609933,0.15515721,0.1539883,0.14180929,0.14496198,0.15146986,0.14505283,0.14523282,0.11729141,0.15885947,0.1723301,0.1284153,0.15189873
1,3,Act_PC,0.35483871,0.35514019,0.27586207,0.32608696,0.3,0.27272727,0.31578947,0.4,0.33333333,0.42857143,0.42857143,0.5,0.66666667,0.5,0.5,0.66666667,0.66666667,0,0,0,0,0,0,0.25,0.25,0.25,0.5,0.5,0.5,0.5,0.57142857,0.57142857,0.45454545,0.41176471,0.4375,0.17355372,0.21698113,0.2195122,0.12258065,0.12956811,0.1349481,0.14191419,0.1387931,0.17820868,0.15437158,0.15470383,0.15423242,0.1061915,0.12618873,0.1431213,0.11489089,0.15683646,0.16024974,0.16269165,0.16979446,0.16337522,0.16008505,0.15489957,0.1566934,0.17320442,0.17519291,0.18538167,0.1863581,0.18109514,0.17804428,0.16588858,0.1539185,0.15574784,0.1376673,0.14727683,0.14724712,0.13833747,0.11849882,0.1398194,0.15563119,0.17715913,0.17750159,0.15572934,0.15583576,0.14110825,0.16357001,0.16621803,0.16153342,0.17140988,0.14388265,0.15631758,0.16062016,0.13870382,0.13743378,0.11558091,0.1255814,0.12403764,0.12059582,0.12340426,0.13027677,0.11092806,0.13089146,0.13426907,0.14746544,0.14556804,0.13334983,0.13635291,0.13967136,0.14355514,0.10951403,0.09843502,0.09516346,0.07883721,0.09047183,0.09488055,0.11817347,0.1341824,0.1404827,0.15682327,0.16232465,0.16444243,0.17281006,0.17104982,0.1726528,0.18163673,0.17959184,0.17629503,0.1731676,0.18282313,0.18349807,0.19597884,0.20132649,0.21161375,0.21806569,0.22181401,0.23011298,0.2078683,0.20364384,0.21034801,0.14343928,0.1345057,0.13403089,0.12007685,0.13303769,0.14026602,0.15274949,0.16019417,0.17486339,0.28481013
1,4,Act_TV,0.71428571,0.83333333,0.5,0.5,0.5,0,0,0,0,0,0,0,0,0,0,0,0,0,0,0,0,0,0,0,0,0,0,0,0,0,0,0,0,0,0,0.22222222,0.25,0.33333333,0.36,0.34782609,0.38095238,0.55721393,0.57377049,0.53374233,0.41979522,0.40338983,0.37857143,0.42621015,0.41990291,0.42067308,0.44767971,0.45049505,0.49947644,0.44961832,0.4722467,0.51048314,0.46895893,0.45495905,0.47867299,0.47100313,0.47666667,0.45762712,0.49858357,0.51428571,0.54129353,0.4860835,0.55475947,0.54764293,0.62539349,0.64038877,0.64028777,0.50676379,0.47357513,0.46153846,0.45238095,0.43512304,0.44406393,0.42769608,0.3910387,0.40740741,0.4556962,0.47662486,0.53521127,0.54625551,0.52547453,0.53639083,0.52830189,0.51096892,0.53787879,0.46422893,0.54878049,0.52834467,0.54312354,0.5772549,0.58445441,0.60136054,0.57335907,0.56327986,0.56788079,0.52445369,0.53251408,0.58198009,0.58944131,0.60990861,0.57536232,0.58669166,0.59018692,0.61678005,0.62888483,0.66426318,0.68766756,0.70278503,0.71161208,0.73535609,0.7570598,0.76256641,0.82364417,0.85120183,0.86379377,0.87226142,0.88412921,0.8897747,0.89660007,0.90280702,0.91889986,0.93638171,0.95219738,0.9581112,0.95951766,0.95878623,0.96861626,0.97113071,0.95914578,0.95740149,0.92773109,0.95073892,0.94764398,0.9025974,0.97115385,0.96629213,1,1,1,0.75
1,4,Act_Cooking,0,0,0,0,0,0,0,0,0,0,0,0,0,0,0,0,0,0,0,0,0,0,0,0,0,0,0,0,0,0,0,0,0,0,0,0.77777778,0.375,0.55555556,0.48,0.65217391,0.52380952,0.4278607,0.37704918,0.28834356,0.54948805,0.49830508,0.45357143,0.49704841,0.54247573,0.4375,0.41401274,0.28019802,0.26806283,0.31908397,0.2907489,0.25979945,0.22254059,0.23566879,0.22748815,0.23667712,0.20583333,0.16057092,0.19169027,0.20098522,0.22189055,0.30715706,0.37666325,0.33600802,0.35571878,0.33153348,0.2713258,0.33818939,0.40725389,0.3976024,0.38888889,0.34675615,0.26255708,0.30514706,0.23421589,0.22962963,0.20253165,0.24287343,0.17009751,0.12555066,0.13086913,0.12761715,0.21847071,0.23765996,0.22979798,0.29332273,0.31402439,0.35600907,0.35431235,0.35607843,0.34005979,0.4585034,0.45881596,0.43137255,0.5209713,0.53850156,0.5186892,0.62179151,0.63044593,0.61712362,0.52898551,0.47094658,0.45046729,0.3414966,0.28382084,0.26994142,0.21313673,0.14926023,0.14291791,0.10745891,0.12541528,0.13812832,0.10261412,0.08431896,0.10350135,0.12773858,0.11025281,0.08249567,0.12232737,0.11438596,0.08533145,0.02942346,0.01156515,0.01408987,0.00775194,0.00815217,0.00618165,0.00160385,0.02971216,0.02768903,0.03697479,0.03694581,0.04712042,0.06493506,0.03846154,0.04494382,0,0,0,0
1,4,Act_Laundry,0,0,0,0,0,0,0,0,0,0,0,0,0,0,0,0,0,0,0,0,0,0,0,0,0,0,0,0,0,0,0,0,0,0,0,0,0,0,0,0,0.19047619,0,0.00546448,0.03680982,0.03071672,0.03389831,0.03214286,0.10035419,0.09830097,0.07211538,0.07006369,0.01287129,0.03036649,0.09847328,0.11013216,0.16955333,0.12225406,0.13830755,0.16208531,0.19592476,0.17333333,0.15254237,0.13975449,0.13891626,0.15621891,0.10238569,0.11463664,0.12637914,0.1343127,0.12850972,0.11819116,0.0603538,0.05906736,0.05594406,0.06122449,0.05145414,0.05821918,0.07107843,0.1089613,0.0994709,0.15400844,0.14823261,0.15492958,0.16740088,0.13586414,0.09471585,0.11320755,0.11517367,0.11111111,0.11049285,0.08993902,0.09221466,0.1002331,0.15607843,0.15919283,0.1292517,0.11776062,0.1164587,0.06291391,0.04110302,0.03635433,0.02147721,0.01896463,0.02501203,0.04541063,0.05857545,0.06588785,0.0952381,0.09689214,0.09328526,0.07372654,0.07832898,0.07358571,0.08470291,0.07184385,0.09399264,0.06944986,0.07745135,0.09734513,0.10471593,0.09234551,0.1067591,0.10935857,0.08070175,0.06382228,0.07276342,0.08943716,0.05559787,0.04651163,0.05072464,0.05135521,0.01764234,0.01949861,0.02129925,0.01848739,0.02216749,0.02356021,0.09090909,0.02884615,0.03370787,0.02941176,0.03333333,0.03225806,0
1,4,Act_WashDress,0.71428571,0.66666667,0,0,0,0,0,0,0,0,0,0,0,0,0,0,0,0,0,0,0,0,0,0,0,0,0,0,0,0,0,0,0,0,0,0.77777778,0.625,0.44444444,0.6,0.30434783,0.33333333,0.60199005,0.63387978,0.58895706,0.44027304,0.34915254,0.35,0.46399055,0.34466019,0.38221154,0.52320291,0.46930693,0.42094241,0.43358779,0.41409692,0.41750228,0.29608405,0.29390355,0.292891,0.44122257,0.4025,0.36306869,0.35316336,0.27783251,0.22189055,0.12524851,0.07881269,0.09829488,0.1406086,0.14794816,0.14491264,0.22060354,0.19067358,0.15284715,0.16213152,0.17449664,0.17694064,0.17034314,0.14663951,0.14603175,0.10548523,0.01140251,0.00866739,0.07599119,0.04495504,0.04685942,0.09136048,0.07404022,0.05050505,0.05564388,0.10289634,0.09901738,0.11111111,0.05568627,0.0568012,0.11292517,0.1010296,0.07427213,0.05353201,0.03850156,0.03789042,0.03823992,0.07585853,0.0976431,0.11642512,0.13027179,0.15700935,0.1106576,0.10603291,0.10184768,0.09070599,0.05613577,0.06295194,0.11040877,0.11627907,0.09317532,0.06125634,0.0553224,0.04424779,0.13887857,0.12816011,0.11473137,0.16228531,0.13824561,0.11777151,0.09105368,0.05127217,0.07996954,0.1873385,0.20380435,0.1873514,0.2606255,0.20427112,0.21405751,0.37815126,0.26108374,0.2565445,0.46753247,0.25961538,0.20224719,0.23529412,0.33333333,0.29032258,0.41666667
1,4,Act_Iron,0,0,0,0,0,0,0,0,0,0,0,0,0,0,0,0,0,0,0,0,0,0,0,0,0,0,0,0,0,0,0,0,0,0,0,0,0,0,0,0,0.19047619,0,0.00546448,0.03680982,0.03071672,0.03389831,0.03214286,0.10035419,0.09830097,0.07211538,0.07006369,0.01287129,0.03036649,0.09847328,0.11013216,0.16955333,0.12225406,0.13830755,0.16208531,0.19592476,0.17333333,0.15254237,0.13975449,0.13891626,0.15621891,0.10238569,0.11463664,0.12637914,0.1343127,0.12850972,0.11819116,0.0603538,0.05906736,0.05594406,0.06122449,0.05145414,0.05821918,0.07107843,0.1089613,0.0994709,0.15400844,0.14823261,0.15492958,0.16740088,0.13586414,0.09471585,0.11320755,0.11517367,0.11111111,0.11049285,0.08993902,0.09221466,0.1002331,0.15607843,0.15919283,0.1292517,0.11776062,0.1164587,0.06291391,0.04110302,0.03635433,0.02147721,0.01896463,0.02501203,0.04541063,0.05857545,0.06588785,0.0952381,0.09689214,0.09328526,0.07372654,0.07832898,0.07358571,0.08470291,0.07184385,0.09399264,0.06944986,0.07745135,0.09734513,0.10471593,0.09234551,0.1067591,0.10935857,0.08070175,0.06382228,0.07276342,0.08943716,0.05559787,0.04651163,0.05072464,0.05135521,0.01764234,0.01949861,0.02129925,0.01848739,0.02216749,0.02356021,0.09090909,0.02884615,0.03370787,0.02941176,0.03333333,0.03225806,0
1,4,Act_HouseClean,0.14285714,0.16666667,0,0,0,0,0,0,0,0,0,0,0,0,0,0,0,0,0,0,0,0,0,0,0,0,0,0,0,0,0,0,0,0,0,0.11111111,0.375,0.11111111,0.4,0.34782609,0.38095238,0.39303483,0.47540984,0.44171779,0.42662116,0.52542373,0.425,0.50649351,0.51941748,0.51322115,0.46678799,0.48613861,0.52146597,0.50152672,0.55242291,0.56973564,0.65425024,0.61965423,0.58483412,0.58855799,0.61833333,0.63157895,0.57884797,0.60295567,0.59502488,0.61232604,0.62743091,0.63189569,0.52990556,0.5075594,0.50256937,0.44953174,0.44663212,0.41858142,0.43877551,0.44966443,0.42579909,0.53431373,0.52749491,0.53650794,0.54113924,0.55188141,0.53304442,0.55066079,0.62737263,0.63409771,0.64746773,0.6261426,0.61447811,0.62162162,0.64481707,0.62433862,0.56487956,0.5772549,0.55156951,0.51904762,0.503861,0.50802139,0.50275938,0.4760666,0.47363031,0.44997381,0.44541261,0.44829245,0.37536232,0.32005623,0.36448598,0.31746032,0.34506399,0.32987832,0.42493298,0.35813751,0.35601872,0.37926675,0.38372093,0.38823049,0.36246586,0.34948493,0.35244325,0.3535091,0.37324438,0.36117851,0.33578689,0.32666667,0.32510578,0.29980119,0.30107941,0.3175933,0.2997416,0.29800725,0.28197813,0.21251002,0.22748375,0.22470714,0.20336134,0.23152709,0.23560209,0.26623377,0.25,0.23595506,0.29411765,0.33333333,0.25806452,0.16666667
1,4,Act_PC,0.57142857,0.5,0.5,0.5,0.5,1,1,1,0,0,0,0,0,0,0,0,0,0,0,0,0,0,0,0,0,0,0,0,0,0,0,0,0,0,0,0.44444444,0.5,0.44444444,0.12,0.13043478,0.0952381,0.15920398,0.19672131,0.20858896,0.18771331,0.16271186,0.16785714,0.09917355,0.12985437,0.15745192,0.15195632,0.21980198,0.22408377,0.25801527,0.28017621,0.24794895,0.2330468,0.19836215,0.20473934,0.22962382,0.20416667,0.21052632,0.20302172,0.19310345,0.18507463,0.19880716,0.18219038,0.18154463,0.18363064,0.19762419,0.1942446,0.22060354,0.18134715,0.21178821,0.18367347,0.20581655,0.21118721,0.20343137,0.18940937,0.16507937,0.20991561,0.23261117,0.2383532,0.23348018,0.18181818,0.20438684,0.21946375,0.16361974,0.15824916,0.09697933,0.12195122,0.12018141,0.12742813,0.12705882,0.14424514,0.11088435,0.14543115,0.16161616,0.17273731,0.16909469,0.14234511,0.17391304,0.16965659,0.17989418,0.14830918,0.14667291,0.14158879,0.09886621,0.11151737,0.11446598,0.13360143,0.1618799,0.17184177,0.20901812,0.21553156,0.21087045,0.21576278,0.21556658,0.21585225,0.23319718,0.23490169,0.23639515,0.22257273,0.22701754,0.227433,0.24294235,0.23323053,0.24752475,0.26356589,0.26630435,0.28625773,0.22293504,0.23212628,0.23642173,0.13781513,0.12807882,0.12827225,0.0974026,0.19230769,0.17977528,0.35294118,0.43333333,0.38709677,0.66666667
1,5,Act_TV,0,0,0,0,0,0,0,0,0,0,0,0,0,0,0,0,0,0,0,0,0,0,0,0,0,0,0,0,0,0,0,0,0,0,0,0,0,0,0,0,0,0.5,0.5,0.6,0.52380952,0.47619048,0.47619048,0.52903226,0.52173913,0.48538012,0.4625,0.45971564,0.51052632,0.49498328,0.53571429,0.58064516,0.55555556,0.55288462,0.59278351,0.58064516,0.62053571,0.61139896,0.57894737,0.60122699,0.64880952,0.62264151,0.67948718,0.6516129,0.73049645,0.71969697,0.70422535,0.60583942,0.51879699,0.5112782,0.49122807,0.46956522,0.51923077,0.47916667,0.43382353,0.42361111,0.49324324,0.56944444,0.58682635,0.69230769,0.64497041,0.66875,0.62179487,0.59893048,0.59447005,0.50925926,0.63675214,0.62704918,0.64529915,0.66375546,0.68907563,0.70532915,0.65988372,0.66995074,0.66745843,0.62167689,0.60743802,0.63028953,0.62549801,0.65148862,0.59578207,0.63622047,0.62764228,0.65034965,0.66972477,0.71975498,0.71363636,0.74755927,0.75994865,0.78681627,0.81386861,0.82198953,0.88350515,0.90927835,0.91879867,0.92616822,0.94460094,0.94561404,0.94695481,0.94466801,0.95543175,0.9703504,0.9760479,0.98083427,0.97840756,0.97583082,0.98116438,0.99494949,0.99393939,0.99259259,0.95714286,0.97297297,0.94285714,1,1,1,1,1,1,0
1,5,Act_Cooking,0,0,0,0,0,0,0,0,0,0,0,0,0,0,0,0,0,0,0,0,0,0,0,0,0,0,0,0,0,0,0,0,0,0,0,0,0,0,0,0,0,0.64285714,0.5,0.5,0.52380952,0.47619048,0.47619048,0.54193548,0.63354037,0.47368421,0.45833333,0.29383886,0.27368421,0.35117057,0.37053571,0.35023041,0.30555556,0.29807692,0.30927835,0.27016129,0.23214286,0.19689119,0.25146199,0.23312883,0.27380952,0.4591195,0.53846154,0.50967742,0.4964539,0.40909091,0.28873239,0.48905109,0.57142857,0.54887218,0.40350877,0.4,0.22115385,0.34375,0.29411765,0.32638889,0.23648649,0.31944444,0.24550898,0.13461538,0.0887574,0.0875,0.23717949,0.2459893,0.23963134,0.38425926,0.44444444,0.5,0.44017094,0.37991266,0.43277311,0.54545455,0.52034884,0.45566502,0.54869359,0.59713701,0.60123967,0.71492205,0.71314741,0.71278459,0.60281195,0.54330709,0.51707317,0.38041958,0.31498471,0.2863706,0.23787879,0.11994421,0.12066752,0.08134642,0.11313869,0.1382199,0.08041237,0.08041237,0.10567297,0.17383178,0.15305164,0.11315789,0.15225933,0.15895372,0.10120706,0.03638814,0,0,0,0,0,0,0.04242424,0.05185185,0.08571429,0.13513514,0.11428571,0.2,0.1,0.14285714,0,0,0,0
1,5,Act_Laundry,0,0,0,0,0,0,0,0,0,0,0,0,0,0,0,0,0,0,0,0,0,0,0,0,0,0,0,0,0,0,0,0,0,0,0,0,0,0,0,0,0,0,0,0.1,0.04761905,0.04761905,0.04761905,0.10322581,0.11180124,0.07602339,0.08333333,0,0.03157895,0.11705686,0.11607143,0.21658986,0.14444444,0.19230769,0.24226804,0.25,0.21875,0.20725389,0.18128655,0.17791411,0.18452381,0.1572327,0.17307692,0.15483871,0.14184397,0.14393939,0.14788732,0.06569343,0.08270677,0.09774436,0.11403509,0.11304348,0.10576923,0.08333333,0.14705882,0.17361111,0.21621622,0.19444444,0.17964072,0.23076923,0.18343195,0.11875,0.16666667,0.14438503,0.13824885,0.125,0.11965812,0.10245902,0.12393162,0.15720524,0.16806723,0.14106583,0.13372093,0.13300493,0.04038005,0,0,0,0,0,0.03514938,0.06456693,0.06341463,0.0979021,0.09480122,0.10719755,0.09090909,0.07949791,0.08472401,0.08415147,0.06934307,0.11623037,0.08969072,0.08969072,0.11457175,0.12897196,0.09953052,0.11666667,0.12475442,0.06539235,0.04735376,0.0754717,0.11257485,0.05524239,0.05398111,0.05740181,0.05993151,0,0,0,0,0,0,0,0,0,0,0,0,0
1,5,Act_WashDress,0,0,0,0,0,0,0,0,0,0,0,0,0,0,0,0,0,0,0,0,0,0,0,0,0,0,0,0,0,0,0,0,0,0,0,0,0,0,0,0,0,0.64285714,0.5,0.4,0.42857143,0.47619048,0.47619048,0.57419355,0.40993789,0.49707602,0.62916667,0.62085308,0.58947368,0.55852843,0.49107143,0.51612903,0.38333333,0.34134615,0.32474227,0.56451613,0.54464286,0.49740933,0.47953216,0.39263804,0.26785714,0.10062893,0.05769231,0.09677419,0.20567376,0.16666667,0.17605634,0.25547445,0.17293233,0.09774436,0.15789474,0.19130435,0.17307692,0.19791667,0.20588235,0.20833333,0.13513514,0,0,0.1025641,0.05325444,0.05,0.06410256,0.06951872,0.03225806,0.05092593,0.05555556,0.06147541,0.13675214,0.08296943,0.06722689,0.1630094,0.14534884,0.10591133,0.0736342,0.02862986,0.03099174,0,0.06772908,0.09807356,0.11599297,0.18425197,0.19512195,0.11468531,0.06574924,0.06738132,0.06666667,0.05578801,0.07188703,0.13464236,0.13868613,0.11937173,0.05773196,0.02783505,0.02447164,0.19439252,0.17276995,0.14210526,0.22102161,0.15694165,0.13184773,0.05121294,0,0.05411499,0.20782726,0.21752266,0.16780822,0.27777778,0.27878788,0.2962963,0.41428571,0.27027027,0.2,0.2,0,0,0.66666667,1,0,0
1,5,Act_Iron,0,0,0,0,0,0,0,0,0,0,0,0,0,0,0,0,0,0,0,0,0,0,0,0,0,0,0,0,0,0,0,0,0,0,0,0,0,0,0,0,0,0,0,0.1,0.04761905,0.04761905,0.04761905,0.10322581,0.11180124,0.07602339,0.08333333,0,0.03157895,0.11705686,0.11607143,0.21658986,0.14444444,0.19230769,0.24226804,0.25,0.21875,0.20725389,0.18128655,0.17791411,0.18452381,0.1572327,0.17307692,0.15483871,0.14184397,0.14393939,0.14788732,0.06569343,0.08270677,0.09774436,0.11403509,0.11304348,0.10576923,0.08333333,0.14705882,0.17361111,0.21621622,0.19444444,0.17964072,0.23076923,0.18343195,0.11875,0.16666667,0.14438503,0.13824885,0.125,0.11965812,0.10245902,0.12393162,0.15720524,0.16806723,0.14106583,0.13372093,0.13300493,0.04038005,0,0,0,0,0,0.03514938,0.06456693,0.06341463,0.0979021,0.09480122,0.10719755,0.09090909,0.07949791,0.08472401,0.08415147,0.06934307,0.11623037,0.08969072,0.08969072,0.11457175,0.12897196,0.09953052,0.11666667,0.12475442,0.06539235,0.04735376,0.0754717,0.11257485,0.05524239,0.05398111,0.05740181,0.05993151,0,0,0,0,0,0,0,0,0,0,0,0,0
1,5,Act_HouseClean,0,0,0,0,0,0,0,0,0,0,0,0,0,0,0,0,0,0,0,0,0,0,0,0,0,0,0,0,0,0,0,0,0,0,0,0,0,0,0,0,0,0.64285714,0.66666667,0.8,0.42857143,0.38095238,0.38095238,0.5483871,0.58385093,0.5380117,0.53333333,0.54976303,0.57894737,0.5451505,0.57142857,0.59907834,0.69444444,0.67307692,0.6185567,0.625,0.70089286,0.70984456,0.61403509,0.6196319,0.66666667,0.68553459,0.71794872,0.72903226,0.58865248,0.5,0.5,0.54744526,0.53383459,0.4887218,0.46491228,0.46086957,0.44230769,0.58333333,0.625,0.67361111,0.60810811,0.57638889,0.5748503,0.67307692,0.68047337,0.68125,0.71153846,0.67914439,0.69585253,0.69444444,0.67948718,0.66803279,0.61538462,0.61135371,0.6302521,0.58934169,0.55232558,0.56157635,0.57007126,0.55010225,0.55165289,0.55679287,0.55776892,0.55341506,0.44815466,0.35275591,0.42276423,0.35944056,0.42813456,0.39203675,0.55909091,0.44351464,0.43902439,0.47826087,0.48175182,0.48586387,0.4628866,0.44123711,0.44271413,0.45046729,0.46948357,0.44561404,0.42632613,0.42052314,0.41597029,0.39892183,0.40718563,0.42390079,0.38866397,0.38066465,0.38184932,0.26767677,0.25454545,0.27407407,0.22857143,0.24324324,0.22857143,0.4,0.6,0.57142857,1,1,1,0
1,5,Act_PC,0,0,0,0,0,0,0,0,0,0,0,0,0,0,0,0,0,0,0,0,0,0,0,0,0,0,0,0,0,0,0,0,0,0,0,0,0,0,0,0,0,0.21428571,0.16666667,0.2,0.04761905,0.04761905,0.04761905,0.09032258,0.1552795,0.19883041,0.15,0.27014218,0.27368421,0.30434783,0.31696429,0.30414747,0.29444444,0.27403846,0.27319588,0.25,0.22321429,0.23316062,0.23976608,0.26380368,0.28571429,0.26415094,0.24358974,0.2516129,0.23404255,0.27272727,0.27464789,0.2919708,0.2481203,0.27067669,0.25438596,0.25217391,0.24038462,0.25,0.22794118,0.19444444,0.26351351,0.27777778,0.25149701,0.27564103,0.18343195,0.2125,0.23076923,0.16042781,0.17511521,0.06018519,0.09401709,0.11065574,0.10683761,0.10480349,0.13445378,0.10344828,0.17732558,0.19704433,0.17577197,0.16973415,0.16115702,0.17817372,0.16932271,0.19089317,0.13884007,0.13858268,0.14796748,0.08111888,0.1146789,0.11638591,0.14848485,0.16457462,0.18998716,0.24263675,0.26155718,0.25863874,0.2556701,0.2556701,0.26696329,0.24766355,0.25258216,0.25,0.24557957,0.25150905,0.24883937,0.28301887,0.26946108,0.29425028,0.29689609,0.3081571,0.32705479,0.24242424,0.22424242,0.21481481,0.1,0.05405405,0.05714286,0.1,0.2,0.28571429,0.66666667,0.5,1,0
